data/target_eurosat_cases/target100/8_classes/resisc/train_1/images/lake/lake_044.jpg,data/target_eurosat_cases/target100/8_classes/eurosat/train_1/images/Industrial/Industrial_277.tif,7,2
data/target_eurosat_cases/target100/8_classes/resisc/train_1/images/freeway/freeway_097.jpg,data/target_eurosat_cases/target100/8_classes/eurosat/train_1/images/Highway/Highway_229.tif,5,5
data/target_eurosat_cases/target100/8_classes/resisc/train_1/images/lake/lake_276.jpg,data/target_eurosat_cases/target100/8_classes/eurosat/train_1/images/SeaLake/SeaLake_143.tif,7,7
data/target_eurosat_cases/target100/8_classes/resisc/train_1/images/dense_residential/dense_residential_083.jpg,data/target_eurosat_cases/target100/8_classes/eurosat/train_1/images/Forest/Forest_301.tif,3,1
data/target_eurosat_cases/target100/8_classes/resisc/train_1/images/meadow/meadow_088.jpg,data/target_eurosat_cases/target100/8_classes/eurosat/train_1/images/Industrial/Industrial_291.tif,6,2
data/target_eurosat_cases/target100/8_classes/resisc/train_1/images/lake/lake_397.jpg,data/target_eurosat_cases/target100/8_classes/eurosat/train_1/images/Highway/Highway_93.tif,7,5
data/target_eurosat_cases/target100/8_classes/resisc/train_1/images/rectangular_farmland/rectangular_farmland_324.jpg,data/target_eurosat_cases/target100/8_classes/eurosat/train_1/images/Highway/Highway_113.tif,0,5
data/target_eurosat_cases/target100/8_classes/resisc/train_1/images/meadow/meadow_374.jpg,data/target_eurosat_cases/target100/8_classes/eurosat/train_1/images/Industrial/Industrial_33.tif,6,2
data/target_eurosat_cases/target100/8_classes/resisc/train_1/images/rectangular_farmland/rectangular_farmland_360.jpg,data/target_eurosat_cases/target100/8_classes/eurosat/train_1/images/Pasture/Pasture_378.tif,0,6
data/target_eurosat_cases/target100/8_classes/resisc/train_1/images/freeway/freeway_325.jpg,data/target_eurosat_cases/target100/8_classes/eurosat/train_1/images/SeaLake/SeaLake_127.tif,5,7
data/target_eurosat_cases/target100/8_classes/resisc/train_1/images/forest/forest_389.jpg,data/target_eurosat_cases/target100/8_classes/eurosat/train_1/images/Forest/Forest_317.tif,1,1
data/target_eurosat_cases/target100/8_classes/resisc/train_1/images/river/river_089.jpg,data/target_eurosat_cases/target100/8_classes/eurosat/train_1/images/Industrial/Industrial_10.tif,4,2
data/target_eurosat_cases/target100/8_classes/resisc/train_1/images/industrial_area/industrial_area_003.jpg,data/target_eurosat_cases/target100/8_classes/eurosat/train_1/images/Forest/Forest_4.tif,2,1
data/target_eurosat_cases/target100/8_classes/resisc/train_1/images/freeway/freeway_117.jpg,data/target_eurosat_cases/target100/8_classes/eurosat/train_1/images/Pasture/Pasture_121.tif,5,6
data/target_eurosat_cases/target100/8_classes/resisc/train_1/images/rectangular_farmland/rectangular_farmland_241.jpg,data/target_eurosat_cases/target100/8_classes/eurosat/train_1/images/Pasture/Pasture_207.tif,0,6
data/target_eurosat_cases/target100/8_classes/resisc/train_1/images/meadow/meadow_082.jpg,data/target_eurosat_cases/target100/8_classes/eurosat/train_1/images/Crop/Crop_337.tif,6,0
data/target_eurosat_cases/target100/8_classes/resisc/train_1/images/industrial_area/industrial_area_324.jpg,data/target_eurosat_cases/target100/8_classes/eurosat/train_1/images/Forest/Forest_153.tif,2,1
data/target_eurosat_cases/target100/8_classes/resisc/train_1/images/river/river_193.jpg,data/target_eurosat_cases/target100/8_classes/eurosat/train_1/images/Forest/Forest_69.tif,4,1
data/target_eurosat_cases/target100/8_classes/resisc/train_1/images/dense_residential/dense_residential_053.jpg,data/target_eurosat_cases/target100/8_classes/eurosat/train_1/images/Pasture/Pasture_47.tif,3,6
data/target_eurosat_cases/target100/8_classes/resisc/train_1/images/industrial_area/industrial_area_175.jpg,data/target_eurosat_cases/target100/8_classes/eurosat/train_1/images/Industrial/Industrial_133.tif,2,2
data/target_eurosat_cases/target100/8_classes/resisc/train_1/images/freeway/freeway_309.jpg,data/target_eurosat_cases/target100/8_classes/eurosat/train_1/images/Highway/Highway_140.tif,5,5
data/target_eurosat_cases/target100/8_classes/resisc/train_1/images/meadow/meadow_273.jpg,data/target_eurosat_cases/target100/8_classes/eurosat/train_1/images/Forest/Forest_387.tif,6,1
data/target_eurosat_cases/target100/8_classes/resisc/train_1/images/industrial_area/industrial_area_131.jpg,data/target_eurosat_cases/target100/8_classes/eurosat/train_1/images/Crop/Crop_96.tif,2,0
data/target_eurosat_cases/target100/8_classes/resisc/train_1/images/dense_residential/dense_residential_138.jpg,data/target_eurosat_cases/target100/8_classes/eurosat/train_1/images/River/River_125.tif,3,4
data/target_eurosat_cases/target100/8_classes/resisc/train_1/images/dense_residential/dense_residential_311.jpg,data/target_eurosat_cases/target100/8_classes/eurosat/train_1/images/Highway/Highway_398.tif,3,5
data/target_eurosat_cases/target100/8_classes/resisc/train_1/images/meadow/meadow_024.jpg,data/target_eurosat_cases/target100/8_classes/eurosat/train_1/images/Highway/Highway_366.tif,6,5
data/target_eurosat_cases/target100/8_classes/resisc/train_1/images/river/river_001.jpg,data/target_eurosat_cases/target100/8_classes/eurosat/train_1/images/Pasture/Pasture_288.tif,4,6
data/target_eurosat_cases/target100/8_classes/resisc/train_1/images/freeway/freeway_026.jpg,data/target_eurosat_cases/target100/8_classes/eurosat/train_1/images/SeaLake/SeaLake_45.tif,5,7
data/target_eurosat_cases/target100/8_classes/resisc/train_1/images/dense_residential/dense_residential_293.jpg,data/target_eurosat_cases/target100/8_classes/eurosat/train_1/images/Forest/Forest_329.tif,3,1
data/target_eurosat_cases/target100/8_classes/resisc/train_1/images/river/river_287.jpg,data/target_eurosat_cases/target100/8_classes/eurosat/train_1/images/Forest/Forest_177.tif,4,1
data/target_eurosat_cases/target100/8_classes/resisc/train_1/images/meadow/meadow_367.jpg,data/target_eurosat_cases/target100/8_classes/eurosat/train_1/images/Pasture/Pasture_184.tif,6,6
data/target_eurosat_cases/target100/8_classes/resisc/train_1/images/dense_residential/dense_residential_325.jpg,data/target_eurosat_cases/target100/8_classes/eurosat/train_1/images/Forest/Forest_320.tif,3,1
data/target_eurosat_cases/target100/8_classes/resisc/train_1/images/meadow/meadow_300.jpg,data/target_eurosat_cases/target100/8_classes/eurosat/train_1/images/Forest/Forest_272.tif,6,1
data/target_eurosat_cases/target100/8_classes/resisc/train_1/images/river/river_182.jpg,data/target_eurosat_cases/target100/8_classes/eurosat/train_1/images/Industrial/Industrial_271.tif,4,2
data/target_eurosat_cases/target100/8_classes/resisc/train_1/images/river/river_306.jpg,data/target_eurosat_cases/target100/8_classes/eurosat/train_1/images/Crop/Crop_85.tif,4,0
data/target_eurosat_cases/target100/8_classes/resisc/train_1/images/lake/lake_187.jpg,data/target_eurosat_cases/target100/8_classes/eurosat/train_1/images/Residential/Residential_98.tif,7,3
data/target_eurosat_cases/target100/8_classes/resisc/train_1/images/meadow/meadow_061.jpg,data/target_eurosat_cases/target100/8_classes/eurosat/train_1/images/Crop/Crop_206.tif,6,0
data/target_eurosat_cases/target100/8_classes/resisc/train_1/images/river/river_384.jpg,data/target_eurosat_cases/target100/8_classes/eurosat/train_1/images/Crop/Crop_321.tif,4,0
data/target_eurosat_cases/target100/8_classes/resisc/train_1/images/industrial_area/industrial_area_267.jpg,data/target_eurosat_cases/target100/8_classes/eurosat/train_1/images/Forest/Forest_125.tif,2,1
data/target_eurosat_cases/target100/8_classes/resisc/train_1/images/rectangular_farmland/rectangular_farmland_358.jpg,data/target_eurosat_cases/target100/8_classes/eurosat/train_1/images/Crop/Crop_386.tif,0,0
data/target_eurosat_cases/target100/8_classes/resisc/train_1/images/industrial_area/industrial_area_286.jpg,data/target_eurosat_cases/target100/8_classes/eurosat/train_1/images/Pasture/Pasture_247.tif,2,6
data/target_eurosat_cases/target100/8_classes/resisc/train_1/images/meadow/meadow_370.jpg,data/target_eurosat_cases/target100/8_classes/eurosat/train_1/images/Highway/Highway_249.tif,6,5
data/target_eurosat_cases/target100/8_classes/resisc/train_1/images/meadow/meadow_123.jpg,data/target_eurosat_cases/target100/8_classes/eurosat/train_1/images/Industrial/Industrial_333.tif,6,2
data/target_eurosat_cases/target100/8_classes/resisc/train_1/images/river/river_260.jpg,data/target_eurosat_cases/target100/8_classes/eurosat/train_1/images/Highway/Highway_264.tif,4,5
data/target_eurosat_cases/target100/8_classes/resisc/train_1/images/industrial_area/industrial_area_189.jpg,data/target_eurosat_cases/target100/8_classes/eurosat/train_1/images/SeaLake/SeaLake_184.tif,2,7
data/target_eurosat_cases/target100/8_classes/resisc/train_1/images/lake/lake_045.jpg,data/target_eurosat_cases/target100/8_classes/eurosat/train_1/images/SeaLake/SeaLake_149.tif,7,7
data/target_eurosat_cases/target100/8_classes/resisc/train_1/images/industrial_area/industrial_area_190.jpg,data/target_eurosat_cases/target100/8_classes/eurosat/train_1/images/Forest/Forest_18.tif,2,1
data/target_eurosat_cases/target100/8_classes/resisc/train_1/images/forest/forest_066.jpg,data/target_eurosat_cases/target100/8_classes/eurosat/train_1/images/Forest/Forest_286.tif,1,1
data/target_eurosat_cases/target100/8_classes/resisc/train_1/images/river/river_314.jpg,data/target_eurosat_cases/target100/8_classes/eurosat/train_1/images/Pasture/Pasture_321.tif,4,6
data/target_eurosat_cases/target100/8_classes/resisc/train_1/images/forest/forest_272.jpg,data/target_eurosat_cases/target100/8_classes/eurosat/train_1/images/Industrial/Industrial_368.tif,1,2
data/target_eurosat_cases/target100/8_classes/resisc/train_1/images/river/river_251.jpg,data/target_eurosat_cases/target100/8_classes/eurosat/train_1/images/Pasture/Pasture_374.tif,4,6
data/target_eurosat_cases/target100/8_classes/resisc/train_1/images/freeway/freeway_094.jpg,data/target_eurosat_cases/target100/8_classes/eurosat/train_1/images/SeaLake/SeaLake_243.tif,5,7
data/target_eurosat_cases/target100/8_classes/resisc/train_1/images/dense_residential/dense_residential_175.jpg,data/target_eurosat_cases/target100/8_classes/eurosat/train_1/images/River/River_123.tif,3,4
data/target_eurosat_cases/target100/8_classes/resisc/train_1/images/lake/lake_330.jpg,data/target_eurosat_cases/target100/8_classes/eurosat/train_1/images/Highway/Highway_211.tif,7,5
data/target_eurosat_cases/target100/8_classes/resisc/train_1/images/forest/forest_381.jpg,data/target_eurosat_cases/target100/8_classes/eurosat/train_1/images/SeaLake/SeaLake_359.tif,1,7
data/target_eurosat_cases/target100/8_classes/resisc/train_1/images/freeway/freeway_337.jpg,data/target_eurosat_cases/target100/8_classes/eurosat/train_1/images/Industrial/Industrial_96.tif,5,2
data/target_eurosat_cases/target100/8_classes/resisc/train_1/images/meadow/meadow_268.jpg,data/target_eurosat_cases/target100/8_classes/eurosat/train_1/images/Forest/Forest_118.tif,6,1
data/target_eurosat_cases/target100/8_classes/resisc/train_1/images/freeway/freeway_307.jpg,data/target_eurosat_cases/target100/8_classes/eurosat/train_1/images/Industrial/Industrial_356.tif,5,2
data/target_eurosat_cases/target100/8_classes/resisc/train_1/images/meadow/meadow_125.jpg,data/target_eurosat_cases/target100/8_classes/eurosat/train_1/images/River/River_328.tif,6,4
data/target_eurosat_cases/target100/8_classes/resisc/train_1/images/rectangular_farmland/rectangular_farmland_281.jpg,data/target_eurosat_cases/target100/8_classes/eurosat/train_1/images/Residential/Residential_26.tif,0,3
data/target_eurosat_cases/target100/8_classes/resisc/train_1/images/freeway/freeway_322.jpg,data/target_eurosat_cases/target100/8_classes/eurosat/train_1/images/Pasture/Pasture_150.tif,5,6
data/target_eurosat_cases/target100/8_classes/resisc/train_1/images/rectangular_farmland/rectangular_farmland_159.jpg,data/target_eurosat_cases/target100/8_classes/eurosat/train_1/images/Highway/Highway_217.tif,0,5
data/target_eurosat_cases/target100/8_classes/resisc/train_1/images/industrial_area/industrial_area_025.jpg,data/target_eurosat_cases/target100/8_classes/eurosat/train_1/images/River/River_140.tif,2,4
data/target_eurosat_cases/target100/8_classes/resisc/train_1/images/rectangular_farmland/rectangular_farmland_259.jpg,data/target_eurosat_cases/target100/8_classes/eurosat/train_1/images/River/River_305.tif,0,4
data/target_eurosat_cases/target100/8_classes/resisc/train_1/images/river/river_043.jpg,data/target_eurosat_cases/target100/8_classes/eurosat/train_1/images/River/River_238.tif,4,4
data/target_eurosat_cases/target100/8_classes/resisc/train_1/images/river/river_151.jpg,data/target_eurosat_cases/target100/8_classes/eurosat/train_1/images/Industrial/Industrial_244.tif,4,2
data/target_eurosat_cases/target100/8_classes/resisc/train_1/images/freeway/freeway_074.jpg,data/target_eurosat_cases/target100/8_classes/eurosat/train_1/images/Highway/Highway_320.tif,5,5
data/target_eurosat_cases/target100/8_classes/resisc/train_1/images/river/river_399.jpg,data/target_eurosat_cases/target100/8_classes/eurosat/train_1/images/Forest/Forest_238.tif,4,1
data/target_eurosat_cases/target100/8_classes/resisc/train_1/images/river/river_149.jpg,data/target_eurosat_cases/target100/8_classes/eurosat/train_1/images/Crop/Crop_167.tif,4,0
data/target_eurosat_cases/target100/8_classes/resisc/train_1/images/lake/lake_118.jpg,data/target_eurosat_cases/target100/8_classes/eurosat/train_1/images/River/River_107.tif,7,4
data/target_eurosat_cases/target100/8_classes/resisc/train_1/images/dense_residential/dense_residential_370.jpg,data/target_eurosat_cases/target100/8_classes/eurosat/train_1/images/Industrial/Industrial_117.tif,3,2
data/target_eurosat_cases/target100/8_classes/resisc/train_1/images/rectangular_farmland/rectangular_farmland_115.jpg,data/target_eurosat_cases/target100/8_classes/eurosat/train_1/images/Residential/Residential_212.tif,0,3
data/target_eurosat_cases/target100/8_classes/resisc/train_1/images/rectangular_farmland/rectangular_farmland_126.jpg,data/target_eurosat_cases/target100/8_classes/eurosat/train_1/images/SeaLake/SeaLake_226.tif,0,7
data/target_eurosat_cases/target100/8_classes/resisc/train_1/images/lake/lake_056.jpg,data/target_eurosat_cases/target100/8_classes/eurosat/train_1/images/Highway/Highway_365.tif,7,5
data/target_eurosat_cases/target100/8_classes/resisc/train_1/images/lake/lake_367.jpg,data/target_eurosat_cases/target100/8_classes/eurosat/train_1/images/Industrial/Industrial_248.tif,7,2
data/target_eurosat_cases/target100/8_classes/resisc/train_1/images/industrial_area/industrial_area_183.jpg,data/target_eurosat_cases/target100/8_classes/eurosat/train_1/images/Industrial/Industrial_354.tif,2,2
data/target_eurosat_cases/target100/8_classes/resisc/train_1/images/forest/forest_137.jpg,data/target_eurosat_cases/target100/8_classes/eurosat/train_1/images/SeaLake/SeaLake_235.tif,1,7
data/target_eurosat_cases/target100/8_classes/resisc/train_1/images/forest/forest_055.jpg,data/target_eurosat_cases/target100/8_classes/eurosat/train_1/images/Highway/Highway_308.tif,1,5
data/target_eurosat_cases/target100/8_classes/resisc/train_1/images/dense_residential/dense_residential_089.jpg,data/target_eurosat_cases/target100/8_classes/eurosat/train_1/images/Forest/Forest_224.tif,3,1
data/target_eurosat_cases/target100/8_classes/resisc/train_1/images/industrial_area/industrial_area_040.jpg,data/target_eurosat_cases/target100/8_classes/eurosat/train_1/images/Industrial/Industrial_293.tif,2,2
data/target_eurosat_cases/target100/8_classes/resisc/train_1/images/rectangular_farmland/rectangular_farmland_201.jpg,data/target_eurosat_cases/target100/8_classes/eurosat/train_1/images/Industrial/Industrial_259.tif,0,2
data/target_eurosat_cases/target100/8_classes/resisc/train_1/images/freeway/freeway_048.jpg,data/target_eurosat_cases/target100/8_classes/eurosat/train_1/images/Highway/Highway_287.tif,5,5
data/target_eurosat_cases/target100/8_classes/resisc/train_1/images/industrial_area/industrial_area_200.jpg,data/target_eurosat_cases/target100/8_classes/eurosat/train_1/images/River/River_66.tif,2,4
data/target_eurosat_cases/target100/8_classes/resisc/train_1/images/lake/lake_212.jpg,data/target_eurosat_cases/target100/8_classes/eurosat/train_1/images/Residential/Residential_41.tif,7,3
data/target_eurosat_cases/target100/8_classes/resisc/train_1/images/industrial_area/industrial_area_209.jpg,data/target_eurosat_cases/target100/8_classes/eurosat/train_1/images/Forest/Forest_211.tif,2,1
data/target_eurosat_cases/target100/8_classes/resisc/train_1/images/dense_residential/dense_residential_191.jpg,data/target_eurosat_cases/target100/8_classes/eurosat/train_1/images/River/River_323.tif,3,4
data/target_eurosat_cases/target100/8_classes/resisc/train_1/images/forest/forest_083.jpg,data/target_eurosat_cases/target100/8_classes/eurosat/train_1/images/Crop/Crop_322.tif,1,0
data/target_eurosat_cases/target100/8_classes/resisc/train_1/images/rectangular_farmland/rectangular_farmland_331.jpg,data/target_eurosat_cases/target100/8_classes/eurosat/train_1/images/River/River_201.tif,0,4
data/target_eurosat_cases/target100/8_classes/resisc/train_1/images/rectangular_farmland/rectangular_farmland_085.jpg,data/target_eurosat_cases/target100/8_classes/eurosat/train_1/images/SeaLake/SeaLake_340.tif,0,7
data/target_eurosat_cases/target100/8_classes/resisc/train_1/images/freeway/freeway_089.jpg,data/target_eurosat_cases/target100/8_classes/eurosat/train_1/images/SeaLake/SeaLake_262.tif,5,7
data/target_eurosat_cases/target100/8_classes/resisc/train_1/images/forest/forest_129.jpg,data/target_eurosat_cases/target100/8_classes/eurosat/train_1/images/Residential/Residential_204.tif,1,3
data/target_eurosat_cases/target100/8_classes/resisc/train_1/images/forest/forest_302.jpg,data/target_eurosat_cases/target100/8_classes/eurosat/train_1/images/Highway/Highway_143.tif,1,5
data/target_eurosat_cases/target100/8_classes/resisc/train_1/images/forest/forest_340.jpg,data/target_eurosat_cases/target100/8_classes/eurosat/train_1/images/Highway/Highway_371.tif,1,5
data/target_eurosat_cases/target100/8_classes/resisc/train_1/images/dense_residential/dense_residential_274.jpg,data/target_eurosat_cases/target100/8_classes/eurosat/train_1/images/Industrial/Industrial_316.tif,3,2
data/target_eurosat_cases/target100/8_classes/resisc/train_1/images/rectangular_farmland/rectangular_farmland_072.jpg,data/target_eurosat_cases/target100/8_classes/eurosat/train_1/images/SeaLake/SeaLake_100.tif,0,7
data/target_eurosat_cases/target100/8_classes/resisc/train_1/images/forest/forest_304.jpg,data/target_eurosat_cases/target100/8_classes/eurosat/train_1/images/Pasture/Pasture_315.tif,1,6
data/target_eurosat_cases/target100/8_classes/resisc/train_1/images/rectangular_farmland/rectangular_farmland_300.jpg,data/target_eurosat_cases/target100/8_classes/eurosat/train_1/images/Residential/Residential_210.tif,0,3
data/target_eurosat_cases/target100/8_classes/resisc/train_1/images/meadow/meadow_056.jpg,data/target_eurosat_cases/target100/8_classes/eurosat/train_1/images/River/River_141.tif,6,4
data/target_eurosat_cases/target100/8_classes/resisc/train_1/images/forest/forest_346.jpg,data/target_eurosat_cases/target100/8_classes/eurosat/train_1/images/Industrial/Industrial_178.tif,1,2
data/target_eurosat_cases/target100/8_classes/resisc/train_1/images/meadow/meadow_326.jpg,data/target_eurosat_cases/target100/8_classes/eurosat/train_1/images/Highway/Highway_233.tif,6,5
data/target_eurosat_cases/target100/8_classes/resisc/train_1/images/lake/lake_265.jpg,data/target_eurosat_cases/target100/8_classes/eurosat/train_1/images/Pasture/Pasture_252.tif,7,6
data/target_eurosat_cases/target100/8_classes/resisc/train_1/images/river/river_291.jpg,data/target_eurosat_cases/target100/8_classes/eurosat/train_1/images/Crop/Crop_106.tif,4,0
data/target_eurosat_cases/target100/8_classes/resisc/train_1/images/industrial_area/industrial_area_224.jpg,data/target_eurosat_cases/target100/8_classes/eurosat/train_1/images/River/River_71.tif,2,4
data/target_eurosat_cases/target100/8_classes/resisc/train_1/images/freeway/freeway_081.jpg,data/target_eurosat_cases/target100/8_classes/eurosat/train_1/images/Residential/Residential_114.tif,5,3
data/target_eurosat_cases/target100/8_classes/resisc/train_1/images/industrial_area/industrial_area_211.jpg,data/target_eurosat_cases/target100/8_classes/eurosat/train_1/images/Industrial/Industrial_208.tif,2,2
data/target_eurosat_cases/target100/8_classes/resisc/train_1/images/dense_residential/dense_residential_353.jpg,data/target_eurosat_cases/target100/8_classes/eurosat/train_1/images/Forest/Forest_185.tif,3,1
data/target_eurosat_cases/target100/8_classes/resisc/train_1/images/dense_residential/dense_residential_134.jpg,data/target_eurosat_cases/target100/8_classes/eurosat/train_1/images/Highway/Highway_246.tif,3,5
data/target_eurosat_cases/target100/8_classes/resisc/train_1/images/industrial_area/industrial_area_013.jpg,data/target_eurosat_cases/target100/8_classes/eurosat/train_1/images/Highway/Highway_213.tif,2,5
data/target_eurosat_cases/target100/8_classes/resisc/train_1/images/rectangular_farmland/rectangular_farmland_122.jpg,data/target_eurosat_cases/target100/8_classes/eurosat/train_1/images/Crop/Crop_343.tif,0,0
data/target_eurosat_cases/target100/8_classes/resisc/train_1/images/meadow/meadow_025.jpg,data/target_eurosat_cases/target100/8_classes/eurosat/train_1/images/Forest/Forest_121.tif,6,1
data/target_eurosat_cases/target100/8_classes/resisc/train_1/images/freeway/freeway_312.jpg,data/target_eurosat_cases/target100/8_classes/eurosat/train_1/images/Residential/Residential_398.tif,5,3
data/target_eurosat_cases/target100/8_classes/resisc/train_1/images/lake/lake_163.jpg,data/target_eurosat_cases/target100/8_classes/eurosat/train_1/images/Highway/Highway_337.tif,7,5
data/target_eurosat_cases/target100/8_classes/resisc/train_1/images/river/river_321.jpg,data/target_eurosat_cases/target100/8_classes/eurosat/train_1/images/Pasture/Pasture_164.tif,4,6
data/target_eurosat_cases/target100/8_classes/resisc/train_1/images/industrial_area/industrial_area_226.jpg,data/target_eurosat_cases/target100/8_classes/eurosat/train_1/images/Crop/Crop_296.tif,2,0
data/target_eurosat_cases/target100/8_classes/resisc/train_1/images/industrial_area/industrial_area_337.jpg,data/target_eurosat_cases/target100/8_classes/eurosat/train_1/images/Crop/Crop_385.tif,2,0
data/target_eurosat_cases/target100/8_classes/resisc/train_1/images/lake/lake_243.jpg,data/target_eurosat_cases/target100/8_classes/eurosat/train_1/images/Forest/Forest_92.tif,7,1
data/target_eurosat_cases/target100/8_classes/resisc/train_1/images/rectangular_farmland/rectangular_farmland_211.jpg,data/target_eurosat_cases/target100/8_classes/eurosat/train_1/images/Residential/Residential_57.tif,0,3
data/target_eurosat_cases/target100/8_classes/resisc/train_1/images/freeway/freeway_207.jpg,data/target_eurosat_cases/target100/8_classes/eurosat/train_1/images/Pasture/Pasture_83.tif,5,6
data/target_eurosat_cases/target100/8_classes/resisc/train_1/images/dense_residential/dense_residential_115.jpg,data/target_eurosat_cases/target100/8_classes/eurosat/train_1/images/Residential/Residential_276.tif,3,3
data/target_eurosat_cases/target100/8_classes/resisc/train_1/images/meadow/meadow_140.jpg,data/target_eurosat_cases/target100/8_classes/eurosat/train_1/images/SeaLake/SeaLake_339.tif,6,7
data/target_eurosat_cases/target100/8_classes/resisc/train_1/images/lake/lake_344.jpg,data/target_eurosat_cases/target100/8_classes/eurosat/train_1/images/Residential/Residential_317.tif,7,3
data/target_eurosat_cases/target100/8_classes/resisc/train_1/images/industrial_area/industrial_area_356.jpg,data/target_eurosat_cases/target100/8_classes/eurosat/train_1/images/SeaLake/SeaLake_388.tif,2,7
data/target_eurosat_cases/target100/8_classes/resisc/train_1/images/forest/forest_100.jpg,data/target_eurosat_cases/target100/8_classes/eurosat/train_1/images/Pasture/Pasture_336.tif,1,6
data/target_eurosat_cases/target100/8_classes/resisc/train_1/images/river/river_162.jpg,data/target_eurosat_cases/target100/8_classes/eurosat/train_1/images/Industrial/Industrial_273.tif,4,2
data/target_eurosat_cases/target100/8_classes/resisc/train_1/images/meadow/meadow_143.jpg,data/target_eurosat_cases/target100/8_classes/eurosat/train_1/images/Crop/Crop_214.tif,6,0
data/target_eurosat_cases/target100/8_classes/resisc/train_1/images/dense_residential/dense_residential_027.jpg,data/target_eurosat_cases/target100/8_classes/eurosat/train_1/images/SeaLake/SeaLake_135.tif,3,7
data/target_eurosat_cases/target100/8_classes/resisc/train_1/images/lake/lake_072.jpg,data/target_eurosat_cases/target100/8_classes/eurosat/train_1/images/Highway/Highway_353.tif,7,5
data/target_eurosat_cases/target100/8_classes/resisc/train_1/images/meadow/meadow_276.jpg,data/target_eurosat_cases/target100/8_classes/eurosat/train_1/images/River/River_180.tif,6,4
data/target_eurosat_cases/target100/8_classes/resisc/train_1/images/meadow/meadow_294.jpg,data/target_eurosat_cases/target100/8_classes/eurosat/train_1/images/Pasture/Pasture_322.tif,6,6
data/target_eurosat_cases/target100/8_classes/resisc/train_1/images/dense_residential/dense_residential_192.jpg,data/target_eurosat_cases/target100/8_classes/eurosat/train_1/images/Industrial/Industrial_46.tif,3,2
data/target_eurosat_cases/target100/8_classes/resisc/train_1/images/freeway/freeway_286.jpg,data/target_eurosat_cases/target100/8_classes/eurosat/train_1/images/Crop/Crop_354.tif,5,0
data/target_eurosat_cases/target100/8_classes/resisc/train_1/images/industrial_area/industrial_area_386.jpg,data/target_eurosat_cases/target100/8_classes/eurosat/train_1/images/Forest/Forest_315.tif,2,1
data/target_eurosat_cases/target100/8_classes/resisc/train_1/images/forest/forest_353.jpg,data/target_eurosat_cases/target100/8_classes/eurosat/train_1/images/Forest/Forest_189.tif,1,1
data/target_eurosat_cases/target100/8_classes/resisc/train_1/images/freeway/freeway_015.jpg,data/target_eurosat_cases/target100/8_classes/eurosat/train_1/images/River/River_349.tif,5,4
data/target_eurosat_cases/target100/8_classes/resisc/train_1/images/rectangular_farmland/rectangular_farmland_366.jpg,data/target_eurosat_cases/target100/8_classes/eurosat/train_1/images/SeaLake/SeaLake_82.tif,0,7
data/target_eurosat_cases/target100/8_classes/resisc/train_1/images/industrial_area/industrial_area_393.jpg,data/target_eurosat_cases/target100/8_classes/eurosat/train_1/images/Forest/Forest_132.tif,2,1
data/target_eurosat_cases/target100/8_classes/resisc/train_1/images/dense_residential/dense_residential_280.jpg,data/target_eurosat_cases/target100/8_classes/eurosat/train_1/images/Forest/Forest_366.tif,3,1
data/target_eurosat_cases/target100/8_classes/resisc/train_1/images/rectangular_farmland/rectangular_farmland_262.jpg,data/target_eurosat_cases/target100/8_classes/eurosat/train_1/images/Forest/Forest_381.tif,0,1
data/target_eurosat_cases/target100/8_classes/resisc/train_1/images/industrial_area/industrial_area_203.jpg,data/target_eurosat_cases/target100/8_classes/eurosat/train_1/images/Crop/Crop_381.tif,2,0
data/target_eurosat_cases/target100/8_classes/resisc/train_1/images/dense_residential/dense_residential_127.jpg,data/target_eurosat_cases/target100/8_classes/eurosat/train_1/images/River/River_272.tif,3,4
data/target_eurosat_cases/target100/8_classes/resisc/train_1/images/rectangular_farmland/rectangular_farmland_174.jpg,data/target_eurosat_cases/target100/8_classes/eurosat/train_1/images/Residential/Residential_273.tif,0,3
data/target_eurosat_cases/target100/8_classes/resisc/train_1/images/freeway/freeway_217.jpg,data/target_eurosat_cases/target100/8_classes/eurosat/train_1/images/Crop/Crop_352.tif,5,0
data/target_eurosat_cases/target100/8_classes/resisc/train_1/images/industrial_area/industrial_area_196.jpg,data/target_eurosat_cases/target100/8_classes/eurosat/train_1/images/Industrial/Industrial_16.tif,2,2
data/target_eurosat_cases/target100/8_classes/resisc/train_1/images/industrial_area/industrial_area_109.jpg,data/target_eurosat_cases/target100/8_classes/eurosat/train_1/images/Highway/Highway_155.tif,2,5
data/target_eurosat_cases/target100/8_classes/resisc/train_1/images/forest/forest_237.jpg,data/target_eurosat_cases/target100/8_classes/eurosat/train_1/images/River/River_347.tif,1,4
data/target_eurosat_cases/target100/8_classes/resisc/train_1/images/industrial_area/industrial_area_140.jpg,data/target_eurosat_cases/target100/8_classes/eurosat/train_1/images/SeaLake/SeaLake_12.tif,2,7
data/target_eurosat_cases/target100/8_classes/resisc/train_1/images/river/river_053.jpg,data/target_eurosat_cases/target100/8_classes/eurosat/train_1/images/Highway/Highway_397.tif,4,5
data/target_eurosat_cases/target100/8_classes/resisc/train_1/images/meadow/meadow_335.jpg,data/target_eurosat_cases/target100/8_classes/eurosat/train_1/images/Highway/Highway_17.tif,6,5
data/target_eurosat_cases/target100/8_classes/resisc/train_1/images/freeway/freeway_268.jpg,data/target_eurosat_cases/target100/8_classes/eurosat/train_1/images/Crop/Crop_202.tif,5,0
data/target_eurosat_cases/target100/8_classes/resisc/train_1/images/lake/lake_049.jpg,data/target_eurosat_cases/target100/8_classes/eurosat/train_1/images/Highway/Highway_227.tif,7,5
data/target_eurosat_cases/target100/8_classes/resisc/train_1/images/industrial_area/industrial_area_353.jpg,data/target_eurosat_cases/target100/8_classes/eurosat/train_1/images/Highway/Highway_83.tif,2,5
data/target_eurosat_cases/target100/8_classes/resisc/train_1/images/river/river_285.jpg,data/target_eurosat_cases/target100/8_classes/eurosat/train_1/images/Pasture/Pasture_22.tif,4,6
data/target_eurosat_cases/target100/8_classes/resisc/train_1/images/dense_residential/dense_residential_120.jpg,data/target_eurosat_cases/target100/8_classes/eurosat/train_1/images/Industrial/Industrial_34.tif,3,2
data/target_eurosat_cases/target100/8_classes/resisc/train_1/images/freeway/freeway_166.jpg,data/target_eurosat_cases/target100/8_classes/eurosat/train_1/images/Pasture/Pasture_269.tif,5,6
data/target_eurosat_cases/target100/8_classes/resisc/train_1/images/forest/forest_177.jpg,data/target_eurosat_cases/target100/8_classes/eurosat/train_1/images/SeaLake/SeaLake_352.tif,1,7
data/target_eurosat_cases/target100/8_classes/resisc/train_1/images/dense_residential/dense_residential_270.jpg,data/target_eurosat_cases/target100/8_classes/eurosat/train_1/images/Pasture/Pasture_93.tif,3,6
data/target_eurosat_cases/target100/8_classes/resisc/train_1/images/dense_residential/dense_residential_302.jpg,data/target_eurosat_cases/target100/8_classes/eurosat/train_1/images/Crop/Crop_24.tif,3,0
data/target_eurosat_cases/target100/8_classes/resisc/train_1/images/meadow/meadow_328.jpg,data/target_eurosat_cases/target100/8_classes/eurosat/train_1/images/Residential/Residential_159.tif,6,3
data/target_eurosat_cases/target100/8_classes/resisc/train_1/images/river/river_397.jpg,data/target_eurosat_cases/target100/8_classes/eurosat/train_1/images/SeaLake/SeaLake_174.tif,4,7
data/target_eurosat_cases/target100/8_classes/resisc/train_1/images/industrial_area/industrial_area_187.jpg,data/target_eurosat_cases/target100/8_classes/eurosat/train_1/images/Highway/Highway_169.tif,2,5
data/target_eurosat_cases/target100/8_classes/resisc/train_1/images/lake/lake_023.jpg,data/target_eurosat_cases/target100/8_classes/eurosat/train_1/images/SeaLake/SeaLake_383.tif,7,7
data/target_eurosat_cases/target100/8_classes/resisc/train_1/images/meadow/meadow_175.jpg,data/target_eurosat_cases/target100/8_classes/eurosat/train_1/images/River/River_70.tif,6,4
data/target_eurosat_cases/target100/8_classes/resisc/train_1/images/lake/lake_219.jpg,data/target_eurosat_cases/target100/8_classes/eurosat/train_1/images/Industrial/Industrial_323.tif,7,2
data/target_eurosat_cases/target100/8_classes/resisc/train_1/images/forest/forest_239.jpg,data/target_eurosat_cases/target100/8_classes/eurosat/train_1/images/Forest/Forest_8.tif,1,1
data/target_eurosat_cases/target100/8_classes/resisc/train_1/images/rectangular_farmland/rectangular_farmland_307.jpg,data/target_eurosat_cases/target100/8_classes/eurosat/train_1/images/Crop/Crop_242.tif,0,0
data/target_eurosat_cases/target100/8_classes/resisc/train_1/images/forest/forest_319.jpg,data/target_eurosat_cases/target100/8_classes/eurosat/train_1/images/River/River_80.tif,1,4
data/target_eurosat_cases/target100/8_classes/resisc/train_1/images/meadow/meadow_185.jpg,data/target_eurosat_cases/target100/8_classes/eurosat/train_1/images/Crop/Crop_367.tif,6,0
data/target_eurosat_cases/target100/8_classes/resisc/train_1/images/forest/forest_378.jpg,data/target_eurosat_cases/target100/8_classes/eurosat/train_1/images/Pasture/Pasture_230.tif,1,6
data/target_eurosat_cases/target100/8_classes/resisc/train_1/images/river/river_256.jpg,data/target_eurosat_cases/target100/8_classes/eurosat/train_1/images/SeaLake/SeaLake_304.tif,4,7
data/target_eurosat_cases/target100/8_classes/resisc/train_1/images/dense_residential/dense_residential_119.jpg,data/target_eurosat_cases/target100/8_classes/eurosat/train_1/images/Forest/Forest_10.tif,3,1
data/target_eurosat_cases/target100/8_classes/resisc/train_1/images/meadow/meadow_236.jpg,data/target_eurosat_cases/target100/8_classes/eurosat/train_1/images/Residential/Residential_21.tif,6,3
data/target_eurosat_cases/target100/8_classes/resisc/train_1/images/lake/lake_010.jpg,data/target_eurosat_cases/target100/8_classes/eurosat/train_1/images/River/River_331.tif,7,4
data/target_eurosat_cases/target100/8_classes/resisc/train_1/images/rectangular_farmland/rectangular_farmland_188.jpg,data/target_eurosat_cases/target100/8_classes/eurosat/train_1/images/Residential/Residential_345.tif,0,3
data/target_eurosat_cases/target100/8_classes/resisc/train_1/images/lake/lake_114.jpg,data/target_eurosat_cases/target100/8_classes/eurosat/train_1/images/SeaLake/SeaLake_91.tif,7,7
data/target_eurosat_cases/target100/8_classes/resisc/train_1/images/dense_residential/dense_residential_019.jpg,data/target_eurosat_cases/target100/8_classes/eurosat/train_1/images/Crop/Crop_307.tif,3,0
data/target_eurosat_cases/target100/8_classes/resisc/train_1/images/dense_residential/dense_residential_345.jpg,data/target_eurosat_cases/target100/8_classes/eurosat/train_1/images/Pasture/Pasture_102.tif,3,6
data/target_eurosat_cases/target100/8_classes/resisc/train_1/images/rectangular_farmland/rectangular_farmland_169.jpg,data/target_eurosat_cases/target100/8_classes/eurosat/train_1/images/Highway/Highway_108.tif,0,5
data/target_eurosat_cases/target100/8_classes/resisc/train_1/images/forest/forest_143.jpg,data/target_eurosat_cases/target100/8_classes/eurosat/train_1/images/Industrial/Industrial_211.tif,1,2
data/target_eurosat_cases/target100/8_classes/resisc/train_1/images/industrial_area/industrial_area_357.jpg,data/target_eurosat_cases/target100/8_classes/eurosat/train_1/images/Forest/Forest_6.tif,2,1
data/target_eurosat_cases/target100/8_classes/resisc/train_1/images/freeway/freeway_346.jpg,data/target_eurosat_cases/target100/8_classes/eurosat/train_1/images/Highway/Highway_364.tif,5,5
data/target_eurosat_cases/target100/8_classes/resisc/train_1/images/industrial_area/industrial_area_371.jpg,data/target_eurosat_cases/target100/8_classes/eurosat/train_1/images/Crop/Crop_3.tif,2,0
data/target_eurosat_cases/target100/8_classes/resisc/train_1/images/industrial_area/industrial_area_136.jpg,data/target_eurosat_cases/target100/8_classes/eurosat/train_1/images/SeaLake/SeaLake_49.tif,2,7
data/target_eurosat_cases/target100/8_classes/resisc/train_1/images/forest/forest_320.jpg,data/target_eurosat_cases/target100/8_classes/eurosat/train_1/images/Highway/Highway_85.tif,1,5
data/target_eurosat_cases/target100/8_classes/resisc/train_1/images/industrial_area/industrial_area_192.jpg,data/target_eurosat_cases/target100/8_classes/eurosat/train_1/images/Crop/Crop_318.tif,2,0
data/target_eurosat_cases/target100/8_classes/resisc/train_1/images/meadow/meadow_187.jpg,data/target_eurosat_cases/target100/8_classes/eurosat/train_1/images/Industrial/Industrial_379.tif,6,2
data/target_eurosat_cases/target100/8_classes/resisc/train_1/images/lake/lake_316.jpg,data/target_eurosat_cases/target100/8_classes/eurosat/train_1/images/Pasture/Pasture_235.tif,7,6
data/target_eurosat_cases/target100/8_classes/resisc/train_1/images/lake/lake_244.jpg,data/target_eurosat_cases/target100/8_classes/eurosat/train_1/images/SeaLake/SeaLake_240.tif,7,7
data/target_eurosat_cases/target100/8_classes/resisc/train_1/images/industrial_area/industrial_area_291.jpg,data/target_eurosat_cases/target100/8_classes/eurosat/train_1/images/Pasture/Pasture_301.tif,2,6
data/target_eurosat_cases/target100/8_classes/resisc/train_1/images/dense_residential/dense_residential_339.jpg,data/target_eurosat_cases/target100/8_classes/eurosat/train_1/images/Highway/Highway_244.tif,3,5
data/target_eurosat_cases/target100/8_classes/resisc/train_1/images/rectangular_farmland/rectangular_farmland_047.jpg,data/target_eurosat_cases/target100/8_classes/eurosat/train_1/images/Highway/Highway_121.tif,0,5
data/target_eurosat_cases/target100/8_classes/resisc/train_1/images/forest/forest_018.jpg,data/target_eurosat_cases/target100/8_classes/eurosat/train_1/images/Crop/Crop_387.tif,1,0
data/target_eurosat_cases/target100/8_classes/resisc/train_1/images/river/river_254.jpg,data/target_eurosat_cases/target100/8_classes/eurosat/train_1/images/Crop/Crop_290.tif,4,0
data/target_eurosat_cases/target100/8_classes/resisc/train_1/images/freeway/freeway_328.jpg,data/target_eurosat_cases/target100/8_classes/eurosat/train_1/images/River/River_94.tif,5,4
data/target_eurosat_cases/target100/8_classes/resisc/train_1/images/river/river_171.jpg,data/target_eurosat_cases/target100/8_classes/eurosat/train_1/images/SeaLake/SeaLake_320.tif,4,7
data/target_eurosat_cases/target100/8_classes/resisc/train_1/images/lake/lake_019.jpg,data/target_eurosat_cases/target100/8_classes/eurosat/train_1/images/Industrial/Industrial_335.tif,7,2
data/target_eurosat_cases/target100/8_classes/resisc/train_1/images/dense_residential/dense_residential_181.jpg,data/target_eurosat_cases/target100/8_classes/eurosat/train_1/images/Crop/Crop_38.tif,3,0
data/target_eurosat_cases/target100/8_classes/resisc/train_1/images/river/river_364.jpg,data/target_eurosat_cases/target100/8_classes/eurosat/train_1/images/Pasture/Pasture_287.tif,4,6
data/target_eurosat_cases/target100/8_classes/resisc/train_1/images/forest/forest_112.jpg,data/target_eurosat_cases/target100/8_classes/eurosat/train_1/images/Forest/Forest_344.tif,1,1
data/target_eurosat_cases/target100/8_classes/resisc/train_1/images/rectangular_farmland/rectangular_farmland_354.jpg,data/target_eurosat_cases/target100/8_classes/eurosat/train_1/images/Industrial/Industrial_341.tif,0,2
data/target_eurosat_cases/target100/8_classes/resisc/train_1/images/river/river_059.jpg,data/target_eurosat_cases/target100/8_classes/eurosat/train_1/images/Forest/Forest_70.tif,4,1
data/target_eurosat_cases/target100/8_classes/resisc/train_1/images/rectangular_farmland/rectangular_farmland_316.jpg,data/target_eurosat_cases/target100/8_classes/eurosat/train_1/images/Crop/Crop_48.tif,0,0
data/target_eurosat_cases/target100/8_classes/resisc/train_1/images/dense_residential/dense_residential_045.jpg,data/target_eurosat_cases/target100/8_classes/eurosat/train_1/images/Highway/Highway_342.tif,3,5
data/target_eurosat_cases/target100/8_classes/resisc/train_1/images/freeway/freeway_077.jpg,data/target_eurosat_cases/target100/8_classes/eurosat/train_1/images/Industrial/Industrial_131.tif,5,2
data/target_eurosat_cases/target100/8_classes/resisc/train_1/images/dense_residential/dense_residential_168.jpg,data/target_eurosat_cases/target100/8_classes/eurosat/train_1/images/Residential/Residential_270.tif,3,3
data/target_eurosat_cases/target100/8_classes/resisc/train_1/images/industrial_area/industrial_area_208.jpg,data/target_eurosat_cases/target100/8_classes/eurosat/train_1/images/Highway/Highway_392.tif,2,5
data/target_eurosat_cases/target100/8_classes/resisc/train_1/images/lake/lake_216.jpg,data/target_eurosat_cases/target100/8_classes/eurosat/train_1/images/Pasture/Pasture_144.tif,7,6
data/target_eurosat_cases/target100/8_classes/resisc/train_1/images/meadow/meadow_089.jpg,data/target_eurosat_cases/target100/8_classes/eurosat/train_1/images/Pasture/Pasture_87.tif,6,6
data/target_eurosat_cases/target100/8_classes/resisc/train_1/images/freeway/freeway_086.jpg,data/target_eurosat_cases/target100/8_classes/eurosat/train_1/images/Crop/Crop_317.tif,5,0
data/target_eurosat_cases/target100/8_classes/resisc/train_1/images/dense_residential/dense_residential_235.jpg,data/target_eurosat_cases/target100/8_classes/eurosat/train_1/images/SeaLake/SeaLake_163.tif,3,7
data/target_eurosat_cases/target100/8_classes/resisc/train_1/images/rectangular_farmland/rectangular_farmland_379.jpg,data/target_eurosat_cases/target100/8_classes/eurosat/train_1/images/SeaLake/SeaLake_351.tif,0,7
data/target_eurosat_cases/target100/8_classes/resisc/train_1/images/rectangular_farmland/rectangular_farmland_066.jpg,data/target_eurosat_cases/target100/8_classes/eurosat/train_1/images/Residential/Residential_17.tif,0,3
data/target_eurosat_cases/target100/8_classes/resisc/train_1/images/freeway/freeway_397.jpg,data/target_eurosat_cases/target100/8_classes/eurosat/train_1/images/Residential/Residential_209.tif,5,3
data/target_eurosat_cases/target100/8_classes/resisc/train_1/images/dense_residential/dense_residential_136.jpg,data/target_eurosat_cases/target100/8_classes/eurosat/train_1/images/Industrial/Industrial_359.tif,3,2
data/target_eurosat_cases/target100/8_classes/resisc/train_1/images/lake/lake_135.jpg,data/target_eurosat_cases/target100/8_classes/eurosat/train_1/images/Pasture/Pasture_45.tif,7,6
data/target_eurosat_cases/target100/8_classes/resisc/train_1/images/rectangular_farmland/rectangular_farmland_382.jpg,data/target_eurosat_cases/target100/8_classes/eurosat/train_1/images/Industrial/Industrial_198.tif,0,2
data/target_eurosat_cases/target100/8_classes/resisc/train_1/images/dense_residential/dense_residential_208.jpg,data/target_eurosat_cases/target100/8_classes/eurosat/train_1/images/Highway/Highway_362.tif,3,5
data/target_eurosat_cases/target100/8_classes/resisc/train_1/images/dense_residential/dense_residential_178.jpg,data/target_eurosat_cases/target100/8_classes/eurosat/train_1/images/Highway/Highway_263.tif,3,5
data/target_eurosat_cases/target100/8_classes/resisc/train_1/images/rectangular_farmland/rectangular_farmland_359.jpg,data/target_eurosat_cases/target100/8_classes/eurosat/train_1/images/Residential/Residential_223.tif,0,3
data/target_eurosat_cases/target100/8_classes/resisc/train_1/images/forest/forest_168.jpg,data/target_eurosat_cases/target100/8_classes/eurosat/train_1/images/Highway/Highway_97.tif,1,5
data/target_eurosat_cases/target100/8_classes/resisc/train_1/images/industrial_area/industrial_area_114.jpg,data/target_eurosat_cases/target100/8_classes/eurosat/train_1/images/Highway/Highway_315.tif,2,5
data/target_eurosat_cases/target100/8_classes/resisc/train_1/images/meadow/meadow_256.jpg,data/target_eurosat_cases/target100/8_classes/eurosat/train_1/images/Forest/Forest_380.tif,6,1
data/target_eurosat_cases/target100/8_classes/resisc/train_1/images/dense_residential/dense_residential_071.jpg,data/target_eurosat_cases/target100/8_classes/eurosat/train_1/images/SeaLake/SeaLake_11.tif,3,7
data/target_eurosat_cases/target100/8_classes/resisc/train_1/images/meadow/meadow_020.jpg,data/target_eurosat_cases/target100/8_classes/eurosat/train_1/images/Industrial/Industrial_14.tif,6,2
data/target_eurosat_cases/target100/8_classes/resisc/train_1/images/freeway/freeway_389.jpg,data/target_eurosat_cases/target100/8_classes/eurosat/train_1/images/Pasture/Pasture_15.tif,5,6
data/target_eurosat_cases/target100/8_classes/resisc/train_1/images/industrial_area/industrial_area_309.jpg,data/target_eurosat_cases/target100/8_classes/eurosat/train_1/images/Crop/Crop_293.tif,2,0
data/target_eurosat_cases/target100/8_classes/resisc/train_1/images/river/river_262.jpg,data/target_eurosat_cases/target100/8_classes/eurosat/train_1/images/Highway/Highway_119.tif,4,5
data/target_eurosat_cases/target100/8_classes/resisc/train_1/images/industrial_area/industrial_area_233.jpg,data/target_eurosat_cases/target100/8_classes/eurosat/train_1/images/Highway/Highway_331.tif,2,5
data/target_eurosat_cases/target100/8_classes/resisc/train_1/images/industrial_area/industrial_area_154.jpg,data/target_eurosat_cases/target100/8_classes/eurosat/train_1/images/River/River_220.tif,2,4
data/target_eurosat_cases/target100/8_classes/resisc/train_1/images/freeway/freeway_021.jpg,data/target_eurosat_cases/target100/8_classes/eurosat/train_1/images/River/River_302.tif,5,4
data/target_eurosat_cases/target100/8_classes/resisc/train_1/images/rectangular_farmland/rectangular_farmland_138.jpg,data/target_eurosat_cases/target100/8_classes/eurosat/train_1/images/SeaLake/SeaLake_362.tif,0,7
data/target_eurosat_cases/target100/8_classes/resisc/train_1/images/forest/forest_113.jpg,data/target_eurosat_cases/target100/8_classes/eurosat/train_1/images/Forest/Forest_212.tif,1,1
data/target_eurosat_cases/target100/8_classes/resisc/train_1/images/rectangular_farmland/rectangular_farmland_098.jpg,data/target_eurosat_cases/target100/8_classes/eurosat/train_1/images/Crop/Crop_229.tif,0,0
data/target_eurosat_cases/target100/8_classes/resisc/train_1/images/lake/lake_319.jpg,data/target_eurosat_cases/target100/8_classes/eurosat/train_1/images/Residential/Residential_176.tif,7,3
data/target_eurosat_cases/target100/8_classes/resisc/train_1/images/industrial_area/industrial_area_138.jpg,data/target_eurosat_cases/target100/8_classes/eurosat/train_1/images/Highway/Highway_251.tif,2,5
data/target_eurosat_cases/target100/8_classes/resisc/train_1/images/meadow/meadow_092.jpg,data/target_eurosat_cases/target100/8_classes/eurosat/train_1/images/Residential/Residential_340.tif,6,3
data/target_eurosat_cases/target100/8_classes/resisc/train_1/images/meadow/meadow_144.jpg,data/target_eurosat_cases/target100/8_classes/eurosat/train_1/images/Crop/Crop_35.tif,6,0
data/target_eurosat_cases/target100/8_classes/resisc/train_1/images/meadow/meadow_321.jpg,data/target_eurosat_cases/target100/8_classes/eurosat/train_1/images/SeaLake/SeaLake_26.tif,6,7
data/target_eurosat_cases/target100/8_classes/resisc/train_1/images/river/river_383.jpg,data/target_eurosat_cases/target100/8_classes/eurosat/train_1/images/Crop/Crop_31.tif,4,0
data/target_eurosat_cases/target100/8_classes/resisc/train_1/images/forest/forest_352.jpg,data/target_eurosat_cases/target100/8_classes/eurosat/train_1/images/River/River_277.tif,1,4
data/target_eurosat_cases/target100/8_classes/resisc/train_1/images/forest/forest_133.jpg,data/target_eurosat_cases/target100/8_classes/eurosat/train_1/images/River/River_143.tif,1,4
data/target_eurosat_cases/target100/8_classes/resisc/train_1/images/freeway/freeway_362.jpg,data/target_eurosat_cases/target100/8_classes/eurosat/train_1/images/River/River_100.tif,5,4
data/target_eurosat_cases/target100/8_classes/resisc/train_1/images/forest/forest_294.jpg,data/target_eurosat_cases/target100/8_classes/eurosat/train_1/images/SeaLake/SeaLake_301.tif,1,7
data/target_eurosat_cases/target100/8_classes/resisc/train_1/images/river/river_376.jpg,data/target_eurosat_cases/target100/8_classes/eurosat/train_1/images/Forest/Forest_213.tif,4,1
data/target_eurosat_cases/target100/8_classes/resisc/train_1/images/freeway/freeway_261.jpg,data/target_eurosat_cases/target100/8_classes/eurosat/train_1/images/River/River_126.tif,5,4
data/target_eurosat_cases/target100/8_classes/resisc/train_1/images/meadow/meadow_305.jpg,data/target_eurosat_cases/target100/8_classes/eurosat/train_1/images/SeaLake/SeaLake_79.tif,6,7
data/target_eurosat_cases/target100/8_classes/resisc/train_1/images/dense_residential/dense_residential_272.jpg,data/target_eurosat_cases/target100/8_classes/eurosat/train_1/images/Industrial/Industrial_31.tif,3,2
data/target_eurosat_cases/target100/8_classes/resisc/train_1/images/dense_residential/dense_residential_156.jpg,data/target_eurosat_cases/target100/8_classes/eurosat/train_1/images/Industrial/Industrial_397.tif,3,2
data/target_eurosat_cases/target100/8_classes/resisc/train_1/images/river/river_020.jpg,data/target_eurosat_cases/target100/8_classes/eurosat/train_1/images/Highway/Highway_292.tif,4,5
data/target_eurosat_cases/target100/8_classes/resisc/train_1/images/freeway/freeway_157.jpg,data/target_eurosat_cases/target100/8_classes/eurosat/train_1/images/River/River_38.tif,5,4
data/target_eurosat_cases/target100/8_classes/resisc/train_1/images/rectangular_farmland/rectangular_farmland_225.jpg,data/target_eurosat_cases/target100/8_classes/eurosat/train_1/images/Forest/Forest_145.tif,0,1
data/target_eurosat_cases/target100/8_classes/resisc/train_1/images/dense_residential/dense_residential_167.jpg,data/target_eurosat_cases/target100/8_classes/eurosat/train_1/images/Forest/Forest_365.tif,3,1
data/target_eurosat_cases/target100/8_classes/resisc/train_1/images/rectangular_farmland/rectangular_farmland_293.jpg,data/target_eurosat_cases/target100/8_classes/eurosat/train_1/images/Crop/Crop_324.tif,0,0
data/target_eurosat_cases/target100/8_classes/resisc/train_1/images/rectangular_farmland/rectangular_farmland_221.jpg,data/target_eurosat_cases/target100/8_classes/eurosat/train_1/images/Crop/Crop_161.tif,0,0
data/target_eurosat_cases/target100/8_classes/resisc/train_1/images/meadow/meadow_045.jpg,data/target_eurosat_cases/target100/8_classes/eurosat/train_1/images/Industrial/Industrial_386.tif,6,2
data/target_eurosat_cases/target100/8_classes/resisc/train_1/images/forest/forest_170.jpg,data/target_eurosat_cases/target100/8_classes/eurosat/train_1/images/SeaLake/SeaLake_87.tif,1,7
data/target_eurosat_cases/target100/8_classes/resisc/train_1/images/forest/forest_228.jpg,data/target_eurosat_cases/target100/8_classes/eurosat/train_1/images/Residential/Residential_108.tif,1,3
data/target_eurosat_cases/target100/8_classes/resisc/train_1/images/freeway/freeway_320.jpg,data/target_eurosat_cases/target100/8_classes/eurosat/train_1/images/Industrial/Industrial_43.tif,5,2
data/target_eurosat_cases/target100/8_classes/resisc/train_1/images/rectangular_farmland/rectangular_farmland_053.jpg,data/target_eurosat_cases/target100/8_classes/eurosat/train_1/images/Highway/Highway_248.tif,0,5
data/target_eurosat_cases/target100/8_classes/resisc/train_1/images/forest/forest_360.jpg,data/target_eurosat_cases/target100/8_classes/eurosat/train_1/images/Highway/Highway_106.tif,1,5
data/target_eurosat_cases/target100/8_classes/resisc/train_1/images/industrial_area/industrial_area_319.jpg,data/target_eurosat_cases/target100/8_classes/eurosat/train_1/images/Industrial/Industrial_27.tif,2,2
data/target_eurosat_cases/target100/8_classes/resisc/train_1/images/river/river_223.jpg,data/target_eurosat_cases/target100/8_classes/eurosat/train_1/images/River/River_295.tif,4,4
data/target_eurosat_cases/target100/8_classes/resisc/train_1/images/forest/forest_215.jpg,data/target_eurosat_cases/target100/8_classes/eurosat/train_1/images/River/River_152.tif,1,4
data/target_eurosat_cases/target100/8_classes/resisc/train_1/images/forest/forest_238.jpg,data/target_eurosat_cases/target100/8_classes/eurosat/train_1/images/River/River_215.tif,1,4
data/target_eurosat_cases/target100/8_classes/resisc/train_1/images/freeway/freeway_335.jpg,data/target_eurosat_cases/target100/8_classes/eurosat/train_1/images/Highway/Highway_190.tif,5,5
data/target_eurosat_cases/target100/8_classes/resisc/train_1/images/forest/forest_158.jpg,data/target_eurosat_cases/target100/8_classes/eurosat/train_1/images/River/River_25.tif,1,4
data/target_eurosat_cases/target100/8_classes/resisc/train_1/images/meadow/meadow_177.jpg,data/target_eurosat_cases/target100/8_classes/eurosat/train_1/images/Forest/Forest_311.tif,6,1
data/target_eurosat_cases/target100/8_classes/resisc/train_1/images/lake/lake_079.jpg,data/target_eurosat_cases/target100/8_classes/eurosat/train_1/images/River/River_207.tif,7,4
data/target_eurosat_cases/target100/8_classes/resisc/train_1/images/freeway/freeway_357.jpg,data/target_eurosat_cases/target100/8_classes/eurosat/train_1/images/SeaLake/SeaLake_228.tif,5,7
data/target_eurosat_cases/target100/8_classes/resisc/train_1/images/forest/forest_104.jpg,data/target_eurosat_cases/target100/8_classes/eurosat/train_1/images/River/River_61.tif,1,4
data/target_eurosat_cases/target100/8_classes/resisc/train_1/images/dense_residential/dense_residential_112.jpg,data/target_eurosat_cases/target100/8_classes/eurosat/train_1/images/Pasture/Pasture_177.tif,3,6
data/target_eurosat_cases/target100/8_classes/resisc/train_1/images/rectangular_farmland/rectangular_farmland_065.jpg,data/target_eurosat_cases/target100/8_classes/eurosat/train_1/images/Residential/Residential_101.tif,0,3
data/target_eurosat_cases/target100/8_classes/resisc/train_1/images/lake/lake_107.jpg,data/target_eurosat_cases/target100/8_classes/eurosat/train_1/images/River/River_283.tif,7,4
data/target_eurosat_cases/target100/8_classes/resisc/train_1/images/meadow/meadow_330.jpg,data/target_eurosat_cases/target100/8_classes/eurosat/train_1/images/SeaLake/SeaLake_179.tif,6,7
data/target_eurosat_cases/target100/8_classes/resisc/train_1/images/forest/forest_337.jpg,data/target_eurosat_cases/target100/8_classes/eurosat/train_1/images/Residential/Residential_284.tif,1,3
data/target_eurosat_cases/target100/8_classes/resisc/train_1/images/meadow/meadow_382.jpg,data/target_eurosat_cases/target100/8_classes/eurosat/train_1/images/SeaLake/SeaLake_345.tif,6,7
data/target_eurosat_cases/target100/8_classes/resisc/train_1/images/meadow/meadow_217.jpg,data/target_eurosat_cases/target100/8_classes/eurosat/train_1/images/Forest/Forest_378.tif,6,1
data/target_eurosat_cases/target100/8_classes/resisc/train_1/images/freeway/freeway_363.jpg,data/target_eurosat_cases/target100/8_classes/eurosat/train_1/images/Pasture/Pasture_242.tif,5,6
data/target_eurosat_cases/target100/8_classes/resisc/train_1/images/lake/lake_165.jpg,data/target_eurosat_cases/target100/8_classes/eurosat/train_1/images/SeaLake/SeaLake_107.tif,7,7
data/target_eurosat_cases/target100/8_classes/resisc/train_1/images/river/river_106.jpg,data/target_eurosat_cases/target100/8_classes/eurosat/train_1/images/SeaLake/SeaLake_42.tif,4,7
data/target_eurosat_cases/target100/8_classes/resisc/train_1/images/river/river_231.jpg,data/target_eurosat_cases/target100/8_classes/eurosat/train_1/images/SeaLake/SeaLake_364.tif,4,7
data/target_eurosat_cases/target100/8_classes/resisc/train_1/images/lake/lake_181.jpg,data/target_eurosat_cases/target100/8_classes/eurosat/train_1/images/Residential/Residential_111.tif,7,3
data/target_eurosat_cases/target100/8_classes/resisc/train_1/images/forest/forest_289.jpg,data/target_eurosat_cases/target100/8_classes/eurosat/train_1/images/Pasture/Pasture_240.tif,1,6
data/target_eurosat_cases/target100/8_classes/resisc/train_1/images/rectangular_farmland/rectangular_farmland_049.jpg,data/target_eurosat_cases/target100/8_classes/eurosat/train_1/images/Crop/Crop_70.tif,0,0
data/target_eurosat_cases/target100/8_classes/resisc/train_1/images/lake/lake_298.jpg,data/target_eurosat_cases/target100/8_classes/eurosat/train_1/images/Forest/Forest_260.tif,7,1
data/target_eurosat_cases/target100/8_classes/resisc/train_1/images/lake/lake_026.jpg,data/target_eurosat_cases/target100/8_classes/eurosat/train_1/images/Crop/Crop_276.tif,7,0
data/target_eurosat_cases/target100/8_classes/resisc/train_1/images/dense_residential/dense_residential_250.jpg,data/target_eurosat_cases/target100/8_classes/eurosat/train_1/images/SeaLake/SeaLake_140.tif,3,7
data/target_eurosat_cases/target100/8_classes/resisc/train_1/images/meadow/meadow_237.jpg,data/target_eurosat_cases/target100/8_classes/eurosat/train_1/images/Highway/Highway_361.tif,6,5
data/target_eurosat_cases/target100/8_classes/resisc/train_1/images/industrial_area/industrial_area_143.jpg,data/target_eurosat_cases/target100/8_classes/eurosat/train_1/images/Residential/Residential_89.tif,2,3
data/target_eurosat_cases/target100/8_classes/resisc/train_1/images/river/river_253.jpg,data/target_eurosat_cases/target100/8_classes/eurosat/train_1/images/Pasture/Pasture_124.tif,4,6
data/target_eurosat_cases/target100/8_classes/resisc/train_1/images/meadow/meadow_239.jpg,data/target_eurosat_cases/target100/8_classes/eurosat/train_1/images/SeaLake/SeaLake_187.tif,6,7
data/target_eurosat_cases/target100/8_classes/resisc/train_1/images/rectangular_farmland/rectangular_farmland_013.jpg,data/target_eurosat_cases/target100/8_classes/eurosat/train_1/images/Highway/Highway_325.tif,0,5
data/target_eurosat_cases/target100/8_classes/resisc/train_1/images/freeway/freeway_253.jpg,data/target_eurosat_cases/target100/8_classes/eurosat/train_1/images/Forest/Forest_45.tif,5,1
data/target_eurosat_cases/target100/8_classes/resisc/train_1/images/rectangular_farmland/rectangular_farmland_165.jpg,data/target_eurosat_cases/target100/8_classes/eurosat/train_1/images/Pasture/Pasture_265.tif,0,6
data/target_eurosat_cases/target100/8_classes/resisc/train_1/images/meadow/meadow_075.jpg,data/target_eurosat_cases/target100/8_classes/eurosat/train_1/images/Highway/Highway_286.tif,6,5
data/target_eurosat_cases/target100/8_classes/resisc/train_1/images/river/river_023.jpg,data/target_eurosat_cases/target100/8_classes/eurosat/train_1/images/Crop/Crop_246.tif,4,0
data/target_eurosat_cases/target100/8_classes/resisc/train_1/images/lake/lake_041.jpg,data/target_eurosat_cases/target100/8_classes/eurosat/train_1/images/Industrial/Industrial_174.tif,7,2
data/target_eurosat_cases/target100/8_classes/resisc/train_1/images/rectangular_farmland/rectangular_farmland_361.jpg,data/target_eurosat_cases/target100/8_classes/eurosat/train_1/images/Highway/Highway_284.tif,0,5
data/target_eurosat_cases/target100/8_classes/resisc/train_1/images/industrial_area/industrial_area_026.jpg,data/target_eurosat_cases/target100/8_classes/eurosat/train_1/images/SeaLake/SeaLake_33.tif,2,7
data/target_eurosat_cases/target100/8_classes/resisc/train_1/images/dense_residential/dense_residential_199.jpg,data/target_eurosat_cases/target100/8_classes/eurosat/train_1/images/Pasture/Pasture_162.tif,3,6
data/target_eurosat_cases/target100/8_classes/resisc/train_1/images/freeway/freeway_079.jpg,data/target_eurosat_cases/target100/8_classes/eurosat/train_1/images/River/River_204.tif,5,4
data/target_eurosat_cases/target100/8_classes/resisc/train_1/images/industrial_area/industrial_area_205.jpg,data/target_eurosat_cases/target100/8_classes/eurosat/train_1/images/Forest/Forest_323.tif,2,1
data/target_eurosat_cases/target100/8_classes/resisc/train_1/images/dense_residential/dense_residential_318.jpg,data/target_eurosat_cases/target100/8_classes/eurosat/train_1/images/Highway/Highway_254.tif,3,5
data/target_eurosat_cases/target100/8_classes/resisc/train_1/images/forest/forest_382.jpg,data/target_eurosat_cases/target100/8_classes/eurosat/train_1/images/Highway/Highway_313.tif,1,5
data/target_eurosat_cases/target100/8_classes/resisc/train_1/images/lake/lake_374.jpg,data/target_eurosat_cases/target100/8_classes/eurosat/train_1/images/Crop/Crop_302.tif,7,0
data/target_eurosat_cases/target100/8_classes/resisc/train_1/images/lake/lake_353.jpg,data/target_eurosat_cases/target100/8_classes/eurosat/train_1/images/Residential/Residential_84.tif,7,3
data/target_eurosat_cases/target100/8_classes/resisc/train_1/images/freeway/freeway_112.jpg,data/target_eurosat_cases/target100/8_classes/eurosat/train_1/images/Pasture/Pasture_270.tif,5,6
data/target_eurosat_cases/target100/8_classes/resisc/train_1/images/river/river_320.jpg,data/target_eurosat_cases/target100/8_classes/eurosat/train_1/images/Residential/Residential_157.tif,4,3
data/target_eurosat_cases/target100/8_classes/resisc/train_1/images/industrial_area/industrial_area_388.jpg,data/target_eurosat_cases/target100/8_classes/eurosat/train_1/images/Residential/Residential_154.tif,2,3
data/target_eurosat_cases/target100/8_classes/resisc/train_1/images/freeway/freeway_189.jpg,data/target_eurosat_cases/target100/8_classes/eurosat/train_1/images/SeaLake/SeaLake_92.tif,5,7
data/target_eurosat_cases/target100/8_classes/resisc/train_1/images/dense_residential/dense_residential_007.jpg,data/target_eurosat_cases/target100/8_classes/eurosat/train_1/images/Pasture/Pasture_394.tif,3,6
data/target_eurosat_cases/target100/8_classes/resisc/train_1/images/forest/forest_029.jpg,data/target_eurosat_cases/target100/8_classes/eurosat/train_1/images/Pasture/Pasture_254.tif,1,6
data/target_eurosat_cases/target100/8_classes/resisc/train_1/images/meadow/meadow_252.jpg,data/target_eurosat_cases/target100/8_classes/eurosat/train_1/images/Pasture/Pasture_373.tif,6,6
data/target_eurosat_cases/target100/8_classes/resisc/train_1/images/rectangular_farmland/rectangular_farmland_079.jpg,data/target_eurosat_cases/target100/8_classes/eurosat/train_1/images/Pasture/Pasture_19.tif,0,6
data/target_eurosat_cases/target100/8_classes/resisc/train_1/images/freeway/freeway_311.jpg,data/target_eurosat_cases/target100/8_classes/eurosat/train_1/images/Forest/Forest_139.tif,5,1
data/target_eurosat_cases/target100/8_classes/resisc/train_1/images/rectangular_farmland/rectangular_farmland_104.jpg,data/target_eurosat_cases/target100/8_classes/eurosat/train_1/images/SeaLake/SeaLake_389.tif,0,7
data/target_eurosat_cases/target100/8_classes/resisc/train_1/images/dense_residential/dense_residential_143.jpg,data/target_eurosat_cases/target100/8_classes/eurosat/train_1/images/Forest/Forest_98.tif,3,1
data/target_eurosat_cases/target100/8_classes/resisc/train_1/images/forest/forest_013.jpg,data/target_eurosat_cases/target100/8_classes/eurosat/train_1/images/Residential/Residential_46.tif,1,3
data/target_eurosat_cases/target100/8_classes/resisc/train_1/images/industrial_area/industrial_area_229.jpg,data/target_eurosat_cases/target100/8_classes/eurosat/train_1/images/Residential/Residential_169.tif,2,3
data/target_eurosat_cases/target100/8_classes/resisc/train_1/images/dense_residential/dense_residential_200.jpg,data/target_eurosat_cases/target100/8_classes/eurosat/train_1/images/Industrial/Industrial_381.tif,3,2
data/target_eurosat_cases/target100/8_classes/resisc/train_1/images/lake/lake_184.jpg,data/target_eurosat_cases/target100/8_classes/eurosat/train_1/images/Forest/Forest_174.tif,7,1
data/target_eurosat_cases/target100/8_classes/resisc/train_1/images/dense_residential/dense_residential_096.jpg,data/target_eurosat_cases/target100/8_classes/eurosat/train_1/images/Pasture/Pasture_348.tif,3,6
data/target_eurosat_cases/target100/8_classes/resisc/train_1/images/rectangular_farmland/rectangular_farmland_244.jpg,data/target_eurosat_cases/target100/8_classes/eurosat/train_1/images/Crop/Crop_177.tif,0,0
data/target_eurosat_cases/target100/8_classes/resisc/train_1/images/lake/lake_050.jpg,data/target_eurosat_cases/target100/8_classes/eurosat/train_1/images/Industrial/Industrial_170.tif,7,2
data/target_eurosat_cases/target100/8_classes/resisc/train_1/images/industrial_area/industrial_area_231.jpg,data/target_eurosat_cases/target100/8_classes/eurosat/train_1/images/River/River_76.tif,2,4
data/target_eurosat_cases/target100/8_classes/resisc/train_1/images/dense_residential/dense_residential_350.jpg,data/target_eurosat_cases/target100/8_classes/eurosat/train_1/images/Crop/Crop_358.tif,3,0
data/target_eurosat_cases/target100/8_classes/resisc/train_1/images/lake/lake_237.jpg,data/target_eurosat_cases/target100/8_classes/eurosat/train_1/images/Forest/Forest_220.tif,7,1
data/target_eurosat_cases/target100/8_classes/resisc/train_1/images/industrial_area/industrial_area_073.jpg,data/target_eurosat_cases/target100/8_classes/eurosat/train_1/images/SeaLake/SeaLake_99.tif,2,7
data/target_eurosat_cases/target100/8_classes/resisc/train_1/images/meadow/meadow_245.jpg,data/target_eurosat_cases/target100/8_classes/eurosat/train_1/images/Highway/Highway_50.tif,6,5
data/target_eurosat_cases/target100/8_classes/resisc/train_1/images/lake/lake_158.jpg,data/target_eurosat_cases/target100/8_classes/eurosat/train_1/images/SeaLake/SeaLake_181.tif,7,7
data/target_eurosat_cases/target100/8_classes/resisc/train_1/images/river/river_203.jpg,data/target_eurosat_cases/target100/8_classes/eurosat/train_1/images/Crop/Crop_280.tif,4,0
data/target_eurosat_cases/target100/8_classes/resisc/train_1/images/meadow/meadow_169.jpg,data/target_eurosat_cases/target100/8_classes/eurosat/train_1/images/Crop/Crop_347.tif,6,0
data/target_eurosat_cases/target100/8_classes/resisc/train_1/images/forest/forest_191.jpg,data/target_eurosat_cases/target100/8_classes/eurosat/train_1/images/Residential/Residential_113.tif,1,3
data/target_eurosat_cases/target100/8_classes/resisc/train_1/images/lake/lake_116.jpg,data/target_eurosat_cases/target100/8_classes/eurosat/train_1/images/Forest/Forest_24.tif,7,1
data/target_eurosat_cases/target100/8_classes/resisc/train_1/images/river/river_360.jpg,data/target_eurosat_cases/target100/8_classes/eurosat/train_1/images/Pasture/Pasture_313.tif,4,6
data/target_eurosat_cases/target100/8_classes/resisc/train_1/images/lake/lake_208.jpg,data/target_eurosat_cases/target100/8_classes/eurosat/train_1/images/Forest/Forest_123.tif,7,1
data/target_eurosat_cases/target100/8_classes/resisc/train_1/images/dense_residential/dense_residential_151.jpg,data/target_eurosat_cases/target100/8_classes/eurosat/train_1/images/Residential/Residential_278.tif,3,3
data/target_eurosat_cases/target100/8_classes/resisc/train_1/images/freeway/freeway_080.jpg,data/target_eurosat_cases/target100/8_classes/eurosat/train_1/images/Forest/Forest_58.tif,5,1
data/target_eurosat_cases/target100/8_classes/resisc/train_1/images/lake/lake_058.jpg,data/target_eurosat_cases/target100/8_classes/eurosat/train_1/images/Residential/Residential_348.tif,7,3
data/target_eurosat_cases/target100/8_classes/resisc/train_1/images/dense_residential/dense_residential_093.jpg,data/target_eurosat_cases/target100/8_classes/eurosat/train_1/images/Crop/Crop_351.tif,3,0
data/target_eurosat_cases/target100/8_classes/resisc/train_1/images/dense_residential/dense_residential_103.jpg,data/target_eurosat_cases/target100/8_classes/eurosat/train_1/images/Residential/Residential_359.tif,3,3
data/target_eurosat_cases/target100/8_classes/resisc/train_1/images/rectangular_farmland/rectangular_farmland_034.jpg,data/target_eurosat_cases/target100/8_classes/eurosat/train_1/images/Industrial/Industrial_241.tif,0,2
data/target_eurosat_cases/target100/8_classes/resisc/train_1/images/river/river_318.jpg,data/target_eurosat_cases/target100/8_classes/eurosat/train_1/images/Highway/Highway_60.tif,4,5
data/target_eurosat_cases/target100/8_classes/resisc/train_1/images/river/river_336.jpg,data/target_eurosat_cases/target100/8_classes/eurosat/train_1/images/River/River_169.tif,4,4
data/target_eurosat_cases/target100/8_classes/resisc/train_1/images/lake/lake_091.jpg,data/target_eurosat_cases/target100/8_classes/eurosat/train_1/images/Residential/Residential_244.tif,7,3
data/target_eurosat_cases/target100/8_classes/resisc/train_1/images/rectangular_farmland/rectangular_farmland_272.jpg,data/target_eurosat_cases/target100/8_classes/eurosat/train_1/images/Residential/Residential_329.tif,0,3
data/target_eurosat_cases/target100/8_classes/resisc/train_1/images/river/river_220.jpg,data/target_eurosat_cases/target100/8_classes/eurosat/train_1/images/Highway/Highway_400.tif,4,5
data/target_eurosat_cases/target100/8_classes/resisc/train_1/images/dense_residential/dense_residential_030.jpg,data/target_eurosat_cases/target100/8_classes/eurosat/train_1/images/Crop/Crop_121.tif,3,0
data/target_eurosat_cases/target100/8_classes/resisc/train_1/images/forest/forest_349.jpg,data/target_eurosat_cases/target100/8_classes/eurosat/train_1/images/Forest/Forest_172.tif,1,1
data/target_eurosat_cases/target100/8_classes/resisc/train_1/images/lake/lake_080.jpg,data/target_eurosat_cases/target100/8_classes/eurosat/train_1/images/SeaLake/SeaLake_231.tif,7,7
data/target_eurosat_cases/target100/8_classes/resisc/train_1/images/lake/lake_155.jpg,data/target_eurosat_cases/target100/8_classes/eurosat/train_1/images/SeaLake/SeaLake_313.tif,7,7
data/target_eurosat_cases/target100/8_classes/resisc/train_1/images/dense_residential/dense_residential_197.jpg,data/target_eurosat_cases/target100/8_classes/eurosat/train_1/images/Pasture/Pasture_221.tif,3,6
data/target_eurosat_cases/target100/8_classes/resisc/train_1/images/industrial_area/industrial_area_111.jpg,data/target_eurosat_cases/target100/8_classes/eurosat/train_1/images/Industrial/Industrial_326.tif,2,2
data/target_eurosat_cases/target100/8_classes/resisc/train_1/images/rectangular_farmland/rectangular_farmland_050.jpg,data/target_eurosat_cases/target100/8_classes/eurosat/train_1/images/SeaLake/SeaLake_72.tif,0,7
data/target_eurosat_cases/target100/8_classes/resisc/train_1/images/industrial_area/industrial_area_051.jpg,data/target_eurosat_cases/target100/8_classes/eurosat/train_1/images/Crop/Crop_80.tif,2,0
data/target_eurosat_cases/target100/8_classes/resisc/train_1/images/industrial_area/industrial_area_146.jpg,data/target_eurosat_cases/target100/8_classes/eurosat/train_1/images/Crop/Crop_289.tif,2,0
data/target_eurosat_cases/target100/8_classes/resisc/train_1/images/forest/forest_071.jpg,data/target_eurosat_cases/target100/8_classes/eurosat/train_1/images/Highway/Highway_111.tif,1,5
data/target_eurosat_cases/target100/8_classes/resisc/train_1/images/industrial_area/industrial_area_115.jpg,data/target_eurosat_cases/target100/8_classes/eurosat/train_1/images/Industrial/Industrial_338.tif,2,2
data/target_eurosat_cases/target100/8_classes/resisc/train_1/images/freeway/freeway_119.jpg,data/target_eurosat_cases/target100/8_classes/eurosat/train_1/images/Industrial/Industrial_201.tif,5,2
data/target_eurosat_cases/target100/8_classes/resisc/train_1/images/forest/forest_367.jpg,data/target_eurosat_cases/target100/8_classes/eurosat/train_1/images/Highway/Highway_285.tif,1,5
data/target_eurosat_cases/target100/8_classes/resisc/train_1/images/forest/forest_087.jpg,data/target_eurosat_cases/target100/8_classes/eurosat/train_1/images/SeaLake/SeaLake_161.tif,1,7
data/target_eurosat_cases/target100/8_classes/resisc/train_1/images/rectangular_farmland/rectangular_farmland_015.jpg,data/target_eurosat_cases/target100/8_classes/eurosat/train_1/images/Highway/Highway_253.tif,0,5
data/target_eurosat_cases/target100/8_classes/resisc/train_1/images/industrial_area/industrial_area_067.jpg,data/target_eurosat_cases/target100/8_classes/eurosat/train_1/images/River/River_263.tif,2,4
data/target_eurosat_cases/target100/8_classes/resisc/train_1/images/meadow/meadow_339.jpg,data/target_eurosat_cases/target100/8_classes/eurosat/train_1/images/Industrial/Industrial_199.tif,6,2
data/target_eurosat_cases/target100/8_classes/resisc/train_1/images/freeway/freeway_160.jpg,data/target_eurosat_cases/target100/8_classes/eurosat/train_1/images/River/River_62.tif,5,4
data/target_eurosat_cases/target100/8_classes/resisc/train_1/images/forest/forest_057.jpg,data/target_eurosat_cases/target100/8_classes/eurosat/train_1/images/Highway/Highway_314.tif,1,5
data/target_eurosat_cases/target100/8_classes/resisc/train_1/images/rectangular_farmland/rectangular_farmland_132.jpg,data/target_eurosat_cases/target100/8_classes/eurosat/train_1/images/River/River_22.tif,0,4
data/target_eurosat_cases/target100/8_classes/resisc/train_1/images/river/river_310.jpg,data/target_eurosat_cases/target100/8_classes/eurosat/train_1/images/Highway/Highway_123.tif,4,5
data/target_eurosat_cases/target100/8_classes/resisc/train_1/images/forest/forest_039.jpg,data/target_eurosat_cases/target100/8_classes/eurosat/train_1/images/SeaLake/SeaLake_54.tif,1,7
data/target_eurosat_cases/target100/8_classes/resisc/train_1/images/rectangular_farmland/rectangular_farmland_134.jpg,data/target_eurosat_cases/target100/8_classes/eurosat/train_1/images/Pasture/Pasture_139.tif,0,6
data/target_eurosat_cases/target100/8_classes/resisc/train_1/images/meadow/meadow_031.jpg,data/target_eurosat_cases/target100/8_classes/eurosat/train_1/images/SeaLake/SeaLake_110.tif,6,7
data/target_eurosat_cases/target100/8_classes/resisc/train_1/images/meadow/meadow_254.jpg,data/target_eurosat_cases/target100/8_classes/eurosat/train_1/images/River/River_383.tif,6,4
data/target_eurosat_cases/target100/8_classes/resisc/train_1/images/lake/lake_218.jpg,data/target_eurosat_cases/target100/8_classes/eurosat/train_1/images/Residential/Residential_132.tif,7,3
data/target_eurosat_cases/target100/8_classes/resisc/train_1/images/river/river_356.jpg,data/target_eurosat_cases/target100/8_classes/eurosat/train_1/images/Pasture/Pasture_138.tif,4,6
data/target_eurosat_cases/target100/8_classes/resisc/train_1/images/dense_residential/dense_residential_064.jpg,data/target_eurosat_cases/target100/8_classes/eurosat/train_1/images/Industrial/Industrial_315.tif,3,2
data/target_eurosat_cases/target100/8_classes/resisc/train_1/images/forest/forest_217.jpg,data/target_eurosat_cases/target100/8_classes/eurosat/train_1/images/Residential/Residential_300.tif,1,3
data/target_eurosat_cases/target100/8_classes/resisc/train_1/images/industrial_area/industrial_area_072.jpg,data/target_eurosat_cases/target100/8_classes/eurosat/train_1/images/Highway/Highway_88.tif,2,5
data/target_eurosat_cases/target100/8_classes/resisc/train_1/images/dense_residential/dense_residential_317.jpg,data/target_eurosat_cases/target100/8_classes/eurosat/train_1/images/Forest/Forest_398.tif,3,1
data/target_eurosat_cases/target100/8_classes/resisc/train_1/images/industrial_area/industrial_area_394.jpg,data/target_eurosat_cases/target100/8_classes/eurosat/train_1/images/Crop/Crop_111.tif,2,0
data/target_eurosat_cases/target100/8_classes/resisc/train_1/images/lake/lake_305.jpg,data/target_eurosat_cases/target100/8_classes/eurosat/train_1/images/SeaLake/SeaLake_265.tif,7,7
data/target_eurosat_cases/target100/8_classes/resisc/train_1/images/dense_residential/dense_residential_238.jpg,data/target_eurosat_cases/target100/8_classes/eurosat/train_1/images/Pasture/Pasture_275.tif,3,6
data/target_eurosat_cases/target100/8_classes/resisc/train_1/images/river/river_048.jpg,data/target_eurosat_cases/target100/8_classes/eurosat/train_1/images/Crop/Crop_43.tif,4,0
data/target_eurosat_cases/target100/8_classes/resisc/train_1/images/forest/forest_097.jpg,data/target_eurosat_cases/target100/8_classes/eurosat/train_1/images/Industrial/Industrial_300.tif,1,2
data/target_eurosat_cases/target100/8_classes/resisc/train_1/images/river/river_077.jpg,data/target_eurosat_cases/target100/8_classes/eurosat/train_1/images/Pasture/Pasture_395.tif,4,6
data/target_eurosat_cases/target100/8_classes/resisc/train_1/images/rectangular_farmland/rectangular_farmland_381.jpg,data/target_eurosat_cases/target100/8_classes/eurosat/train_1/images/Crop/Crop_25.tif,0,0
data/target_eurosat_cases/target100/8_classes/resisc/train_1/images/lake/lake_239.jpg,data/target_eurosat_cases/target100/8_classes/eurosat/train_1/images/SeaLake/SeaLake_220.tif,7,7
data/target_eurosat_cases/target100/8_classes/resisc/train_1/images/forest/forest_316.jpg,data/target_eurosat_cases/target100/8_classes/eurosat/train_1/images/Crop/Crop_29.tif,1,0
data/target_eurosat_cases/target100/8_classes/resisc/train_1/images/lake/lake_108.jpg,data/target_eurosat_cases/target100/8_classes/eurosat/train_1/images/Industrial/Industrial_380.tif,7,2
data/target_eurosat_cases/target100/8_classes/resisc/train_1/images/forest/forest_155.jpg,data/target_eurosat_cases/target100/8_classes/eurosat/train_1/images/Highway/Highway_41.tif,1,5
data/target_eurosat_cases/target100/8_classes/resisc/train_1/images/meadow/meadow_059.jpg,data/target_eurosat_cases/target100/8_classes/eurosat/train_1/images/Highway/Highway_186.tif,6,5
data/target_eurosat_cases/target100/8_classes/resisc/train_1/images/dense_residential/dense_residential_381.jpg,data/target_eurosat_cases/target100/8_classes/eurosat/train_1/images/Industrial/Industrial_181.tif,3,2
data/target_eurosat_cases/target100/8_classes/resisc/train_1/images/river/river_221.jpg,data/target_eurosat_cases/target100/8_classes/eurosat/train_1/images/SeaLake/SeaLake_148.tif,4,7
data/target_eurosat_cases/target100/8_classes/resisc/train_1/images/forest/forest_151.jpg,data/target_eurosat_cases/target100/8_classes/eurosat/train_1/images/River/River_312.tif,1,4
data/target_eurosat_cases/target100/8_classes/resisc/train_1/images/industrial_area/industrial_area_221.jpg,data/target_eurosat_cases/target100/8_classes/eurosat/train_1/images/River/River_7.tif,2,4
data/target_eurosat_cases/target100/8_classes/resisc/train_1/images/lake/lake_232.jpg,data/target_eurosat_cases/target100/8_classes/eurosat/train_1/images/SeaLake/SeaLake_170.tif,7,7
data/target_eurosat_cases/target100/8_classes/resisc/train_1/images/river/river_335.jpg,data/target_eurosat_cases/target100/8_classes/eurosat/train_1/images/Pasture/Pasture_181.tif,4,6
data/target_eurosat_cases/target100/8_classes/resisc/train_1/images/freeway/freeway_317.jpg,data/target_eurosat_cases/target100/8_classes/eurosat/train_1/images/Highway/Highway_89.tif,5,5
data/target_eurosat_cases/target100/8_classes/resisc/train_1/images/freeway/freeway_128.jpg,data/target_eurosat_cases/target100/8_classes/eurosat/train_1/images/Residential/Residential_37.tif,5,3
data/target_eurosat_cases/target100/8_classes/resisc/train_1/images/meadow/meadow_162.jpg,data/target_eurosat_cases/target100/8_classes/eurosat/train_1/images/River/River_271.tif,6,4
data/target_eurosat_cases/target100/8_classes/resisc/train_1/images/lake/lake_268.jpg,data/target_eurosat_cases/target100/8_classes/eurosat/train_1/images/Highway/Highway_298.tif,7,5
data/target_eurosat_cases/target100/8_classes/resisc/train_1/images/industrial_area/industrial_area_163.jpg,data/target_eurosat_cases/target100/8_classes/eurosat/train_1/images/Pasture/Pasture_36.tif,2,6
data/target_eurosat_cases/target100/8_classes/resisc/train_1/images/dense_residential/dense_residential_026.jpg,data/target_eurosat_cases/target100/8_classes/eurosat/train_1/images/Forest/Forest_389.tif,3,1
data/target_eurosat_cases/target100/8_classes/resisc/train_1/images/river/river_269.jpg,data/target_eurosat_cases/target100/8_classes/eurosat/train_1/images/Industrial/Industrial_126.tif,4,2
data/target_eurosat_cases/target100/8_classes/resisc/train_1/images/dense_residential/dense_residential_190.jpg,data/target_eurosat_cases/target100/8_classes/eurosat/train_1/images/Industrial/Industrial_275.tif,3,2
data/target_eurosat_cases/target100/8_classes/resisc/train_1/images/lake/lake_271.jpg,data/target_eurosat_cases/target100/8_classes/eurosat/train_1/images/Highway/Highway_51.tif,7,5
data/target_eurosat_cases/target100/8_classes/resisc/train_1/images/dense_residential/dense_residential_036.jpg,data/target_eurosat_cases/target100/8_classes/eurosat/train_1/images/Residential/Residential_175.tif,3,3
data/target_eurosat_cases/target100/8_classes/resisc/train_1/images/dense_residential/dense_residential_121.jpg,data/target_eurosat_cases/target100/8_classes/eurosat/train_1/images/SeaLake/SeaLake_269.tif,3,7
data/target_eurosat_cases/target100/8_classes/resisc/train_1/images/industrial_area/industrial_area_020.jpg,data/target_eurosat_cases/target100/8_classes/eurosat/train_1/images/Forest/Forest_205.tif,2,1
data/target_eurosat_cases/target100/8_classes/resisc/train_1/images/industrial_area/industrial_area_377.jpg,data/target_eurosat_cases/target100/8_classes/eurosat/train_1/images/Pasture/Pasture_352.tif,2,6
data/target_eurosat_cases/target100/8_classes/resisc/train_1/images/rectangular_farmland/rectangular_farmland_283.jpg,data/target_eurosat_cases/target100/8_classes/eurosat/train_1/images/Industrial/Industrial_394.tif,0,2
data/target_eurosat_cases/target100/8_classes/resisc/train_1/images/lake/lake_076.jpg,data/target_eurosat_cases/target100/8_classes/eurosat/train_1/images/Forest/Forest_281.tif,7,1
data/target_eurosat_cases/target100/8_classes/resisc/train_1/images/rectangular_farmland/rectangular_farmland_194.jpg,data/target_eurosat_cases/target100/8_classes/eurosat/train_1/images/Highway/Highway_355.tif,0,5
data/target_eurosat_cases/target100/8_classes/resisc/train_1/images/forest/forest_119.jpg,data/target_eurosat_cases/target100/8_classes/eurosat/train_1/images/Highway/Highway_240.tif,1,5
data/target_eurosat_cases/target100/8_classes/resisc/train_1/images/lake/lake_287.jpg,data/target_eurosat_cases/target100/8_classes/eurosat/train_1/images/SeaLake/SeaLake_279.tif,7,7
data/target_eurosat_cases/target100/8_classes/resisc/train_1/images/dense_residential/dense_residential_109.jpg,data/target_eurosat_cases/target100/8_classes/eurosat/train_1/images/SeaLake/SeaLake_214.tif,3,7
data/target_eurosat_cases/target100/8_classes/resisc/train_1/images/meadow/meadow_369.jpg,data/target_eurosat_cases/target100/8_classes/eurosat/train_1/images/Crop/Crop_201.tif,6,0
data/target_eurosat_cases/target100/8_classes/resisc/train_1/images/dense_residential/dense_residential_289.jpg,data/target_eurosat_cases/target100/8_classes/eurosat/train_1/images/Industrial/Industrial_222.tif,3,2
data/target_eurosat_cases/target100/8_classes/resisc/train_1/images/industrial_area/industrial_area_045.jpg,data/target_eurosat_cases/target100/8_classes/eurosat/train_1/images/Highway/Highway_24.tif,2,5
data/target_eurosat_cases/target100/8_classes/resisc/train_1/images/forest/forest_273.jpg,data/target_eurosat_cases/target100/8_classes/eurosat/train_1/images/Industrial/Industrial_61.tif,1,2
data/target_eurosat_cases/target100/8_classes/resisc/train_1/images/forest/forest_040.jpg,data/target_eurosat_cases/target100/8_classes/eurosat/train_1/images/Residential/Residential_170.tif,1,3
data/target_eurosat_cases/target100/8_classes/resisc/train_1/images/industrial_area/industrial_area_128.jpg,data/target_eurosat_cases/target100/8_classes/eurosat/train_1/images/Industrial/Industrial_150.tif,2,2
data/target_eurosat_cases/target100/8_classes/resisc/train_1/images/dense_residential/dense_residential_358.jpg,data/target_eurosat_cases/target100/8_classes/eurosat/train_1/images/Pasture/Pasture_80.tif,3,6
data/target_eurosat_cases/target100/8_classes/resisc/train_1/images/lake/lake_063.jpg,data/target_eurosat_cases/target100/8_classes/eurosat/train_1/images/SeaLake/SeaLake_104.tif,7,7
data/target_eurosat_cases/target100/8_classes/resisc/train_1/images/freeway/freeway_327.jpg,data/target_eurosat_cases/target100/8_classes/eurosat/train_1/images/SeaLake/SeaLake_396.tif,5,7
data/target_eurosat_cases/target100/8_classes/resisc/train_1/images/lake/lake_101.jpg,data/target_eurosat_cases/target100/8_classes/eurosat/train_1/images/Forest/Forest_169.tif,7,1
data/target_eurosat_cases/target100/8_classes/resisc/train_1/images/meadow/meadow_338.jpg,data/target_eurosat_cases/target100/8_classes/eurosat/train_1/images/Pasture/Pasture_329.tif,6,6
data/target_eurosat_cases/target100/8_classes/resisc/train_1/images/dense_residential/dense_residential_095.jpg,data/target_eurosat_cases/target100/8_classes/eurosat/train_1/images/Industrial/Industrial_197.tif,3,2
data/target_eurosat_cases/target100/8_classes/resisc/train_1/images/industrial_area/industrial_area_359.jpg,data/target_eurosat_cases/target100/8_classes/eurosat/train_1/images/Highway/Highway_271.tif,2,5
data/target_eurosat_cases/target100/8_classes/resisc/train_1/images/lake/lake_183.jpg,data/target_eurosat_cases/target100/8_classes/eurosat/train_1/images/Highway/Highway_62.tif,7,5
data/target_eurosat_cases/target100/8_classes/resisc/train_1/images/forest/forest_256.jpg,data/target_eurosat_cases/target100/8_classes/eurosat/train_1/images/Forest/Forest_146.tif,1,1
data/target_eurosat_cases/target100/8_classes/resisc/train_1/images/rectangular_farmland/rectangular_farmland_217.jpg,data/target_eurosat_cases/target100/8_classes/eurosat/train_1/images/Pasture/Pasture_319.tif,0,6
data/target_eurosat_cases/target100/8_classes/resisc/train_1/images/meadow/meadow_211.jpg,data/target_eurosat_cases/target100/8_classes/eurosat/train_1/images/Pasture/Pasture_75.tif,6,6
data/target_eurosat_cases/target100/8_classes/resisc/train_1/images/rectangular_farmland/rectangular_farmland_228.jpg,data/target_eurosat_cases/target100/8_classes/eurosat/train_1/images/Forest/Forest_400.tif,0,1
data/target_eurosat_cases/target100/8_classes/resisc/train_1/images/lake/lake_194.jpg,data/target_eurosat_cases/target100/8_classes/eurosat/train_1/images/Pasture/Pasture_256.tif,7,6
data/target_eurosat_cases/target100/8_classes/resisc/train_1/images/freeway/freeway_290.jpg,data/target_eurosat_cases/target100/8_classes/eurosat/train_1/images/Industrial/Industrial_400.tif,5,2
data/target_eurosat_cases/target100/8_classes/resisc/train_1/images/lake/lake_308.jpg,data/target_eurosat_cases/target100/8_classes/eurosat/train_1/images/Forest/Forest_308.tif,7,1
data/target_eurosat_cases/target100/8_classes/resisc/train_1/images/rectangular_farmland/rectangular_farmland_056.jpg,data/target_eurosat_cases/target100/8_classes/eurosat/train_1/images/Highway/Highway_201.tif,0,5
data/target_eurosat_cases/target100/8_classes/resisc/train_1/images/river/river_282.jpg,data/target_eurosat_cases/target100/8_classes/eurosat/train_1/images/Residential/Residential_2.tif,4,3
data/target_eurosat_cases/target100/8_classes/resisc/train_1/images/river/river_229.jpg,data/target_eurosat_cases/target100/8_classes/eurosat/train_1/images/Pasture/Pasture_157.tif,4,6
data/target_eurosat_cases/target100/8_classes/resisc/train_1/images/rectangular_farmland/rectangular_farmland_021.jpg,data/target_eurosat_cases/target100/8_classes/eurosat/train_1/images/Residential/Residential_49.tif,0,3
data/target_eurosat_cases/target100/8_classes/resisc/train_1/images/meadow/meadow_260.jpg,data/target_eurosat_cases/target100/8_classes/eurosat/train_1/images/Residential/Residential_150.tif,6,3
data/target_eurosat_cases/target100/8_classes/resisc/train_1/images/industrial_area/industrial_area_349.jpg,data/target_eurosat_cases/target100/8_classes/eurosat/train_1/images/Pasture/Pasture_204.tif,2,6
data/target_eurosat_cases/target100/8_classes/resisc/train_1/images/industrial_area/industrial_area_215.jpg,data/target_eurosat_cases/target100/8_classes/eurosat/train_1/images/Residential/Residential_158.tif,2,3
data/target_eurosat_cases/target100/8_classes/resisc/train_1/images/lake/lake_294.jpg,data/target_eurosat_cases/target100/8_classes/eurosat/train_1/images/SeaLake/SeaLake_297.tif,7,7
data/target_eurosat_cases/target100/8_classes/resisc/train_1/images/lake/lake_378.jpg,data/target_eurosat_cases/target100/8_classes/eurosat/train_1/images/Crop/Crop_375.tif,7,0
data/target_eurosat_cases/target100/8_classes/resisc/train_1/images/river/river_133.jpg,data/target_eurosat_cases/target100/8_classes/eurosat/train_1/images/SeaLake/SeaLake_128.tif,4,7
data/target_eurosat_cases/target100/8_classes/resisc/train_1/images/freeway/freeway_354.jpg,data/target_eurosat_cases/target100/8_classes/eurosat/train_1/images/Highway/Highway_55.tif,5,5
data/target_eurosat_cases/target100/8_classes/resisc/train_1/images/meadow/meadow_302.jpg,data/target_eurosat_cases/target100/8_classes/eurosat/train_1/images/SeaLake/SeaLake_346.tif,6,7
data/target_eurosat_cases/target100/8_classes/resisc/train_1/images/river/river_003.jpg,data/target_eurosat_cases/target100/8_classes/eurosat/train_1/images/Highway/Highway_167.tif,4,5
data/target_eurosat_cases/target100/8_classes/resisc/train_1/images/river/river_187.jpg,data/target_eurosat_cases/target100/8_classes/eurosat/train_1/images/River/River_167.tif,4,4
data/target_eurosat_cases/target100/8_classes/resisc/train_1/images/lake/lake_248.jpg,data/target_eurosat_cases/target100/8_classes/eurosat/train_1/images/Forest/Forest_29.tif,7,1
data/target_eurosat_cases/target100/8_classes/resisc/train_1/images/meadow/meadow_232.jpg,data/target_eurosat_cases/target100/8_classes/eurosat/train_1/images/River/River_352.tif,6,4
data/target_eurosat_cases/target100/8_classes/resisc/train_1/images/industrial_area/industrial_area_234.jpg,data/target_eurosat_cases/target100/8_classes/eurosat/train_1/images/Forest/Forest_64.tif,2,1
data/target_eurosat_cases/target100/8_classes/resisc/train_1/images/freeway/freeway_256.jpg,data/target_eurosat_cases/target100/8_classes/eurosat/train_1/images/SeaLake/SeaLake_319.tif,5,7
data/target_eurosat_cases/target100/8_classes/resisc/train_1/images/freeway/freeway_319.jpg,data/target_eurosat_cases/target100/8_classes/eurosat/train_1/images/Industrial/Industrial_88.tif,5,2
data/target_eurosat_cases/target100/8_classes/resisc/train_1/images/river/river_176.jpg,data/target_eurosat_cases/target100/8_classes/eurosat/train_1/images/Highway/Highway_200.tif,4,5
data/target_eurosat_cases/target100/8_classes/resisc/train_1/images/freeway/freeway_034.jpg,data/target_eurosat_cases/target100/8_classes/eurosat/train_1/images/Industrial/Industrial_255.tif,5,2
data/target_eurosat_cases/target100/8_classes/resisc/train_1/images/freeway/freeway_306.jpg,data/target_eurosat_cases/target100/8_classes/eurosat/train_1/images/Industrial/Industrial_176.tif,5,2
data/target_eurosat_cases/target100/8_classes/resisc/train_1/images/dense_residential/dense_residential_330.jpg,data/target_eurosat_cases/target100/8_classes/eurosat/train_1/images/Highway/Highway_381.tif,3,5
data/target_eurosat_cases/target100/8_classes/resisc/train_1/images/rectangular_farmland/rectangular_farmland_198.jpg,data/target_eurosat_cases/target100/8_classes/eurosat/train_1/images/Residential/Residential_248.tif,0,3
data/target_eurosat_cases/target100/8_classes/resisc/train_1/images/dense_residential/dense_residential_129.jpg,data/target_eurosat_cases/target100/8_classes/eurosat/train_1/images/Industrial/Industrial_121.tif,3,2
data/target_eurosat_cases/target100/8_classes/resisc/train_1/images/freeway/freeway_106.jpg,data/target_eurosat_cases/target100/8_classes/eurosat/train_1/images/Pasture/Pasture_66.tif,5,6
data/target_eurosat_cases/target100/8_classes/resisc/train_1/images/rectangular_farmland/rectangular_farmland_010.jpg,data/target_eurosat_cases/target100/8_classes/eurosat/train_1/images/Industrial/Industrial_130.tif,0,2
data/target_eurosat_cases/target100/8_classes/resisc/train_1/images/freeway/freeway_330.jpg,data/target_eurosat_cases/target100/8_classes/eurosat/train_1/images/Highway/Highway_312.tif,5,5
data/target_eurosat_cases/target100/8_classes/resisc/train_1/images/rectangular_farmland/rectangular_farmland_078.jpg,data/target_eurosat_cases/target100/8_classes/eurosat/train_1/images/Industrial/Industrial_398.tif,0,2
data/target_eurosat_cases/target100/8_classes/resisc/train_1/images/industrial_area/industrial_area_272.jpg,data/target_eurosat_cases/target100/8_classes/eurosat/train_1/images/Crop/Crop_172.tif,2,0
data/target_eurosat_cases/target100/8_classes/resisc/train_1/images/industrial_area/industrial_area_174.jpg,data/target_eurosat_cases/target100/8_classes/eurosat/train_1/images/Residential/Residential_40.tif,2,3
data/target_eurosat_cases/target100/8_classes/resisc/train_1/images/dense_residential/dense_residential_309.jpg,data/target_eurosat_cases/target100/8_classes/eurosat/train_1/images/Crop/Crop_220.tif,3,0
data/target_eurosat_cases/target100/8_classes/resisc/train_1/images/river/river_386.jpg,data/target_eurosat_cases/target100/8_classes/eurosat/train_1/images/River/River_245.tif,4,4
data/target_eurosat_cases/target100/8_classes/resisc/train_1/images/river/river_366.jpg,data/target_eurosat_cases/target100/8_classes/eurosat/train_1/images/Crop/Crop_212.tif,4,0
data/target_eurosat_cases/target100/8_classes/resisc/train_1/images/freeway/freeway_310.jpg,data/target_eurosat_cases/target100/8_classes/eurosat/train_1/images/Crop/Crop_163.tif,5,0
data/target_eurosat_cases/target100/8_classes/resisc/train_1/images/freeway/freeway_336.jpg,data/target_eurosat_cases/target100/8_classes/eurosat/train_1/images/Crop/Crop_2.tif,5,0
data/target_eurosat_cases/target100/8_classes/resisc/train_1/images/industrial_area/industrial_area_059.jpg,data/target_eurosat_cases/target100/8_classes/eurosat/train_1/images/Residential/Residential_189.tif,2,3
data/target_eurosat_cases/target100/8_classes/resisc/train_1/images/rectangular_farmland/rectangular_farmland_351.jpg,data/target_eurosat_cases/target100/8_classes/eurosat/train_1/images/SeaLake/SeaLake_71.tif,0,7
data/target_eurosat_cases/target100/8_classes/resisc/train_1/images/meadow/meadow_238.jpg,data/target_eurosat_cases/target100/8_classes/eurosat/train_1/images/Industrial/Industrial_75.tif,6,2
data/target_eurosat_cases/target100/8_classes/resisc/train_1/images/freeway/freeway_183.jpg,data/target_eurosat_cases/target100/8_classes/eurosat/train_1/images/Industrial/Industrial_55.tif,5,2
data/target_eurosat_cases/target100/8_classes/resisc/train_1/images/dense_residential/dense_residential_058.jpg,data/target_eurosat_cases/target100/8_classes/eurosat/train_1/images/SeaLake/SeaLake_55.tif,3,7
data/target_eurosat_cases/target100/8_classes/resisc/train_1/images/dense_residential/dense_residential_382.jpg,data/target_eurosat_cases/target100/8_classes/eurosat/train_1/images/SeaLake/SeaLake_185.tif,3,7
data/target_eurosat_cases/target100/8_classes/resisc/train_1/images/industrial_area/industrial_area_310.jpg,data/target_eurosat_cases/target100/8_classes/eurosat/train_1/images/Industrial/Industrial_306.tif,2,2
data/target_eurosat_cases/target100/8_classes/resisc/train_1/images/dense_residential/dense_residential_207.jpg,data/target_eurosat_cases/target100/8_classes/eurosat/train_1/images/Highway/Highway_136.tif,3,5
data/target_eurosat_cases/target100/8_classes/resisc/train_1/images/industrial_area/industrial_area_258.jpg,data/target_eurosat_cases/target100/8_classes/eurosat/train_1/images/Forest/Forest_299.tif,2,1
